id,hour_of_day,level,mean_seconds
1eJjxpj6WiCJ4FUdaWCw,0,deep,856.09756097560978
1eJjxpj6WiCJ4FUdaWCw,0,light,2550.0000000000005
1eJjxpj6WiCJ4FUdaWCw,0,rem,828.46153846153857
1eJjxpj6WiCJ4FUdaWCw,0,wake,267.5
1eJjxpj6WiCJ4FUdaWCw,1,deep,1172.6470588235293
1eJjxpj6WiCJ4FUdaWCw,1,light,2520.5263157894742
1eJjxpj6WiCJ4FUdaWCw,1,rem,731.73913043478262
1eJjxpj6WiCJ4FUdaWCw,1,wake,483.0
1eJjxpj6WiCJ4FUdaWCw,2,deep,829.655172413793
1eJjxpj6WiCJ4FUdaWCw,2,light,2615.78947368421
1eJjxpj6WiCJ4FUdaWCw,2,rem,979.0
1eJjxpj6WiCJ4FUdaWCw,2,wake,296.66666666666669
1eJjxpj6WiCJ4FUdaWCw,3,deep,886.15384615384619
1eJjxpj6WiCJ4FUdaWCw,3,light,2662.105263157895
1eJjxpj6WiCJ4FUdaWCw,3,rem,801.11111111111109
1eJjxpj6WiCJ4FUdaWCw,3,wake,517.05882352941171
1eJjxpj6WiCJ4FUdaWCw,4,deep,696.25000000000011
1eJjxpj6WiCJ4FUdaWCw,4,light,2609.4736842105262
1eJjxpj6WiCJ4FUdaWCw,4,rem,922.94117647058818
1eJjxpj6WiCJ4FUdaWCw,4,wake,380.45454545454533
1eJjxpj6WiCJ4FUdaWCw,5,deep,791.25
1eJjxpj6WiCJ4FUdaWCw,5,light,2515.2631578947371
1eJjxpj6WiCJ4FUdaWCw,5,rem,903.1578947368422
1eJjxpj6WiCJ4FUdaWCw,5,wake,512.06896551724139
1eJjxpj6WiCJ4FUdaWCw,6,deep,703.63636363636363
1eJjxpj6WiCJ4FUdaWCw,6,light,2561.5789473684213
1eJjxpj6WiCJ4FUdaWCw,6,rem,897.90697674418607
1eJjxpj6WiCJ4FUdaWCw,6,wake,558.26086956521726
1eJjxpj6WiCJ4FUdaWCw,7,deep,540.0
1eJjxpj6WiCJ4FUdaWCw,7,light,978.97959183673481
1eJjxpj6WiCJ4FUdaWCw,7,rem,800.625
1eJjxpj6WiCJ4FUdaWCw,7,wake,620.48780487804891
1eJjxpj6WiCJ4FUdaWCw,8,light,1620.0
1eJjxpj6WiCJ4FUdaWCw,8,rem,450.0
1eJjxpj6WiCJ4FUdaWCw,8,wake,210.0
1eJjxpj6WiCJ4FUdaWCw,22,light,381.42857142857139
1eJjxpj6WiCJ4FUdaWCw,22,wake,445.38461538461536
1eJjxpj6WiCJ4FUdaWCw,23,deep,910.71428571428555
1eJjxpj6WiCJ4FUdaWCw,23,light,2070.5357142857138
1eJjxpj6WiCJ4FUdaWCw,23,rem,525.0
1eJjxpj6WiCJ4FUdaWCw,23,wake,486.66666666666669
2MhXEYkWOJLoUbTQ2oOe,0,deep,1184.2105263157894
2MhXEYkWOJLoUbTQ2oOe,0,light,1791.521739130435
2MhXEYkWOJLoUbTQ2oOe,0,rem,803.07692307692309
2MhXEYkWOJLoUbTQ2oOe,0,wake,585.6
2MhXEYkWOJLoUbTQ2oOe,1,deep,1237.6744186046512
2MhXEYkWOJLoUbTQ2oOe,1,light,1948.9090909090905
2MhXEYkWOJLoUbTQ2oOe,1,rem,807.27272727272714
2MhXEYkWOJLoUbTQ2oOe,1,wake,524.4
2MhXEYkWOJLoUbTQ2oOe,2,deep,1146.0
2MhXEYkWOJLoUbTQ2oOe,2,light,1969.0000000000005
2MhXEYkWOJLoUbTQ2oOe,2,rem,847.8947368421052
2MhXEYkWOJLoUbTQ2oOe,2,wake,613.33333333333314
2MhXEYkWOJLoUbTQ2oOe,3,deep,794.06250000000011
2MhXEYkWOJLoUbTQ2oOe,3,light,2050.1694915254243
2MhXEYkWOJLoUbTQ2oOe,3,rem,1019.2682926829266
2MhXEYkWOJLoUbTQ2oOe,3,wake,660.909090909091
2MhXEYkWOJLoUbTQ2oOe,4,deep,831.81818181818187
2MhXEYkWOJLoUbTQ2oOe,4,light,2261.25
2MhXEYkWOJLoUbTQ2oOe,4,rem,1031.8604651162793
2MhXEYkWOJLoUbTQ2oOe,4,wake,441.42857142857144
2MhXEYkWOJLoUbTQ2oOe,5,deep,1099.2857142857142
2MhXEYkWOJLoUbTQ2oOe,5,light,2079.1071428571427
2MhXEYkWOJLoUbTQ2oOe,5,rem,1148.5714285714287
2MhXEYkWOJLoUbTQ2oOe,5,wake,394.186046511628
2MhXEYkWOJLoUbTQ2oOe,6,deep,793.84615384615381
2MhXEYkWOJLoUbTQ2oOe,6,light,2185.4716981132078
2MhXEYkWOJLoUbTQ2oOe,6,rem,806.57142857142878
2MhXEYkWOJLoUbTQ2oOe,6,wake,606.12244897959181
2MhXEYkWOJLoUbTQ2oOe,7,deep,564.0
2MhXEYkWOJLoUbTQ2oOe,7,light,1981.2765957446816
2MhXEYkWOJLoUbTQ2oOe,7,rem,1192.5
2MhXEYkWOJLoUbTQ2oOe,7,wake,588.88888888888891
2MhXEYkWOJLoUbTQ2oOe,8,deep,800.0
2MhXEYkWOJLoUbTQ2oOe,8,light,1821.7499999999998
2MhXEYkWOJLoUbTQ2oOe,8,rem,1232.3999999999999
2MhXEYkWOJLoUbTQ2oOe,8,wake,592.8
2MhXEYkWOJLoUbTQ2oOe,9,deep,1410.0
2MhXEYkWOJLoUbTQ2oOe,9,light,1485.0
2MhXEYkWOJLoUbTQ2oOe,9,rem,535.0
2MhXEYkWOJLoUbTQ2oOe,9,wake,496.87499999999994
2MhXEYkWOJLoUbTQ2oOe,10,light,1128.0
2MhXEYkWOJLoUbTQ2oOe,10,rem,450.0
2MhXEYkWOJLoUbTQ2oOe,10,wake,300.0
2MhXEYkWOJLoUbTQ2oOe,11,light,240.0
2MhXEYkWOJLoUbTQ2oOe,11,wake,210.0
2MhXEYkWOJLoUbTQ2oOe,20,light,1110.0
2MhXEYkWOJLoUbTQ2oOe,20,wake,660.0
2MhXEYkWOJLoUbTQ2oOe,21,deep,1740.0
2MhXEYkWOJLoUbTQ2oOe,21,light,430.0
2MhXEYkWOJLoUbTQ2oOe,21,wake,495.0
2MhXEYkWOJLoUbTQ2oOe,22,deep,1580.0
2MhXEYkWOJLoUbTQ2oOe,22,light,1081.875
2MhXEYkWOJLoUbTQ2oOe,22,rem,270.0
2MhXEYkWOJLoUbTQ2oOe,22,wake,662.0
2MhXEYkWOJLoUbTQ2oOe,23,deep,1444.5
2MhXEYkWOJLoUbTQ2oOe,23,light,1513.9999999999998
2MhXEYkWOJLoUbTQ2oOe,23,rem,915.0
2MhXEYkWOJLoUbTQ2oOe,23,wake,586.95652173913049
6kVHCR22SGLsK4YC0YeM,0,deep,1631.0526315789475
6kVHCR22SGLsK4YC0YeM,0,light,1481.9047619047615
6kVHCR22SGLsK4YC0YeM,0,rem,949.2307692307694
6kVHCR22SGLsK4YC0YeM,0,wake,313.63636363636363
6kVHCR22SGLsK4YC0YeM,1,deep,1171.2000000000003
6kVHCR22SGLsK4YC0YeM,1,light,1981.9047619047619
6kVHCR22SGLsK4YC0YeM,1,rem,1088.6842105263158
6kVHCR22SGLsK4YC0YeM,1,wake,335.0
6kVHCR22SGLsK4YC0YeM,2,deep,1096.5
6kVHCR22SGLsK4YC0YeM,2,light,2466.666666666667
6kVHCR22SGLsK4YC0YeM,2,rem,838.96551724137919
6kVHCR22SGLsK4YC0YeM,2,wake,321.0
6kVHCR22SGLsK4YC0YeM,3,deep,994.28571428571433
6kVHCR22SGLsK4YC0YeM,3,light,2285.7142857142858
6kVHCR22SGLsK4YC0YeM,3,rem,1210.625
6kVHCR22SGLsK4YC0YeM,3,wake,346.36363636363637
6kVHCR22SGLsK4YC0YeM,4,deep,1282.2857142857144
6kVHCR22SGLsK4YC0YeM,4,light,2142.3809523809523
6kVHCR22SGLsK4YC0YeM,4,rem,1176.8571428571429
6kVHCR22SGLsK4YC0YeM,4,wake,480.0
6kVHCR22SGLsK4YC0YeM,5,deep,704.39999999999986
6kVHCR22SGLsK4YC0YeM,5,light,2067.1428571428569
6kVHCR22SGLsK4YC0YeM,5,rem,1453.8000000000002
6kVHCR22SGLsK4YC0YeM,5,wake,482.30769230769226
6kVHCR22SGLsK4YC0YeM,6,deep,866.8421052631578
6kVHCR22SGLsK4YC0YeM,6,light,2031.2903225806458
6kVHCR22SGLsK4YC0YeM,6,rem,1422.4528301886794
6kVHCR22SGLsK4YC0YeM,6,wake,467.36842105263156
6kVHCR22SGLsK4YC0YeM,7,deep,384.0
6kVHCR22SGLsK4YC0YeM,7,light,1633.2
6kVHCR22SGLsK4YC0YeM,7,rem,1434.3396226415091
6kVHCR22SGLsK4YC0YeM,7,wake,681.290322580645
6kVHCR22SGLsK4YC0YeM,8,deep,360.0
6kVHCR22SGLsK4YC0YeM,8,light,712.94117647058829
6kVHCR22SGLsK4YC0YeM,8,rem,946.76470588235281
6kVHCR22SGLsK4YC0YeM,8,wake,716.84210526315792
6kVHCR22SGLsK4YC0YeM,9,rem,210.0
6kVHCR22SGLsK4YC0YeM,9,wake,1020.0
6kVHCR22SGLsK4YC0YeM,21,deep,1275.0
6kVHCR22SGLsK4YC0YeM,21,light,135.0
6kVHCR22SGLsK4YC0YeM,21,wake,320.0
6kVHCR22SGLsK4YC0YeM,22,deep,1366.5000000000002
6kVHCR22SGLsK4YC0YeM,22,light,478.5
6kVHCR22SGLsK4YC0YeM,22,wake,520.38461538461547
6kVHCR22SGLsK4YC0YeM,23,deep,1860.9677419354839
6kVHCR22SGLsK4YC0YeM,23,light,939.00000000000023
6kVHCR22SGLsK4YC0YeM,23,rem,750.0
6kVHCR22SGLsK4YC0YeM,23,wake,494.11764705882354
7z3ustz5EnF7LMolNFXD,0,deep,1184.9999999999998
7z3ustz5EnF7LMolNFXD,0,light,1846.8
7z3ustz5EnF7LMolNFXD,0,rem,552.63157894736833
7z3ustz5EnF7LMolNFXD,0,wake,442.17391304347831
7z3ustz5EnF7LMolNFXD,1,deep,1121.7073170731708
7z3ustz5EnF7LMolNFXD,1,light,1882.8000000000002
7z3ustz5EnF7LMolNFXD,1,rem,697.99999999999977
7z3ustz5EnF7LMolNFXD,1,wake,610.64516129032256
7z3ustz5EnF7LMolNFXD,2,deep,850.83333333333326
7z3ustz5EnF7LMolNFXD,2,light,2147.0588235294126
7z3ustz5EnF7LMolNFXD,2,rem,767.14285714285734
7z3ustz5EnF7LMolNFXD,2,wake,547.50000000000034
7z3ustz5EnF7LMolNFXD,3,deep,954.0
7z3ustz5EnF7LMolNFXD,3,light,2224.1176470588239
7z3ustz5EnF7LMolNFXD,3,rem,911.14285714285711
7z3ustz5EnF7LMolNFXD,3,wake,497.58620689655174
7z3ustz5EnF7LMolNFXD,4,deep,881.66666666666663
7z3ustz5EnF7LMolNFXD,4,light,2178.2352941176468
7z3ustz5EnF7LMolNFXD,4,rem,975.0
7z3ustz5EnF7LMolNFXD,4,wake,416.4
7z3ustz5EnF7LMolNFXD,5,deep,731.05263157894728
7z3ustz5EnF7LMolNFXD,5,light,1955.4
7z3ustz5EnF7LMolNFXD,5,rem,1146.0
7z3ustz5EnF7LMolNFXD,5,wake,585.6
7z3ustz5EnF7LMolNFXD,6,deep,892.5
7z3ustz5EnF7LMolNFXD,6,light,1596.4285714285716
7z3ustz5EnF7LMolNFXD,6,rem,1083.636363636364
7z3ustz5EnF7LMolNFXD,6,wake,697.49999999999989
7z3ustz5EnF7LMolNFXD,7,deep,714.0
7z3ustz5EnF7LMolNFXD,7,light,1240.909090909091
7z3ustz5EnF7LMolNFXD,7,rem,804.0
7z3ustz5EnF7LMolNFXD,7,wake,506.66666666666669
7z3ustz5EnF7LMolNFXD,8,deep,1260.0
7z3ustz5EnF7LMolNFXD,8,light,1060.0
7z3ustz5EnF7LMolNFXD,8,rem,1090.0
7z3ustz5EnF7LMolNFXD,8,wake,1350.0
7z3ustz5EnF7LMolNFXD,22,deep,960.0
7z3ustz5EnF7LMolNFXD,22,light,570.0
7z3ustz5EnF7LMolNFXD,22,wake,562.5
7z3ustz5EnF7LMolNFXD,23,deep,771.81818181818176
7z3ustz5EnF7LMolNFXD,23,light,1242.9729729729731
7z3ustz5EnF7LMolNFXD,23,rem,1050.0
7z3ustz5EnF7LMolNFXD,23,wake,594.5454545454545
Bn8ry07xklgiLaf91MqF,0,deep,1217.4999999999998
Bn8ry07xklgiLaf91MqF,0,light,1576.8292682926831
Bn8ry07xklgiLaf91MqF,0,rem,955.71428571428578
Bn8ry07xklgiLaf91MqF,0,wake,483.15789473684208
Bn8ry07xklgiLaf91MqF,1,deep,1360.2439024390244
Bn8ry07xklgiLaf91MqF,1,light,1730.204081632653
Bn8ry07xklgiLaf91MqF,1,rem,805.55555555555554
Bn8ry07xklgiLaf91MqF,1,wake,287.14285714285717
Bn8ry07xklgiLaf91MqF,2,deep,1026.8571428571429
Bn8ry07xklgiLaf91MqF,2,light,2068.9285714285711
Bn8ry07xklgiLaf91MqF,2,rem,828.57142857142867
Bn8ry07xklgiLaf91MqF,2,wake,543.52941176470586
Bn8ry07xklgiLaf91MqF,3,deep,792.58064516129036
Bn8ry07xklgiLaf91MqF,3,light,2093.0357142857142
Bn8ry07xklgiLaf91MqF,3,rem,1192.325581395349
Bn8ry07xklgiLaf91MqF,3,wake,504.00000000000006
Bn8ry07xklgiLaf91MqF,4,deep,829.5
Bn8ry07xklgiLaf91MqF,4,light,2094.2307692307691
Bn8ry07xklgiLaf91MqF,4,rem,1137.9069767441863
Bn8ry07xklgiLaf91MqF,4,wake,418.33333333333331
Bn8ry07xklgiLaf91MqF,5,deep,708.75
Bn8ry07xklgiLaf91MqF,5,light,1678.604651162791
Bn8ry07xklgiLaf91MqF,5,rem,1211.6129032258061
Bn8ry07xklgiLaf91MqF,5,wake,653.99999999999989
Bn8ry07xklgiLaf91MqF,6,deep,890.0
Bn8ry07xklgiLaf91MqF,6,light,1663.333333333333
Bn8ry07xklgiLaf91MqF,6,rem,1197.6923076923076
Bn8ry07xklgiLaf91MqF,6,wake,564.5454545454545
Bn8ry07xklgiLaf91MqF,7,deep,705.0
Bn8ry07xklgiLaf91MqF,7,light,912.85714285714289
Bn8ry07xklgiLaf91MqF,7,rem,920.0
Bn8ry07xklgiLaf91MqF,7,wake,540.0
Bn8ry07xklgiLaf91MqF,8,light,180.0
Bn8ry07xklgiLaf91MqF,8,wake,330.0
Bn8ry07xklgiLaf91MqF,21,deep,1050.0
Bn8ry07xklgiLaf91MqF,21,light,1080.0
Bn8ry07xklgiLaf91MqF,21,wake,600.0
Bn8ry07xklgiLaf91MqF,22,deep,585.0
Bn8ry07xklgiLaf91MqF,22,light,1044.0
Bn8ry07xklgiLaf91MqF,22,wake,791.25
Bn8ry07xklgiLaf91MqF,23,deep,1146.0
Bn8ry07xklgiLaf91MqF,23,light,1118.5714285714284
Bn8ry07xklgiLaf91MqF,23,rem,708.0
Bn8ry07xklgiLaf91MqF,23,wake,843.91304347826076
D7ztGzWsNcXCjkpkH9O7,0,deep,1372.8571428571429
D7ztGzWsNcXCjkpkH9O7,0,light,1226.25
D7ztGzWsNcXCjkpkH9O7,0,rem,867.27272727272725
D7ztGzWsNcXCjkpkH9O7,0,wake,621.17647058823525
D7ztGzWsNcXCjkpkH9O7,1,deep,1440.0
D7ztGzWsNcXCjkpkH9O7,1,light,1403.0769230769231
D7ztGzWsNcXCjkpkH9O7,1,rem,1101.1764705882354
D7ztGzWsNcXCjkpkH9O7,1,wake,749.99999999999989
D7ztGzWsNcXCjkpkH9O7,2,deep,1320.0
D7ztGzWsNcXCjkpkH9O7,2,light,1416.5853658536582
D7ztGzWsNcXCjkpkH9O7,2,rem,870.0
D7ztGzWsNcXCjkpkH9O7,2,wake,622.17391304347814
D7ztGzWsNcXCjkpkH9O7,3,deep,1382.6470588235295
D7ztGzWsNcXCjkpkH9O7,3,light,1625.3333333333335
D7ztGzWsNcXCjkpkH9O7,3,rem,896.66666666666663
D7ztGzWsNcXCjkpkH9O7,3,wake,487.05882352941177
D7ztGzWsNcXCjkpkH9O7,4,deep,1265.5555555555552
D7ztGzWsNcXCjkpkH9O7,4,light,1774.090909090909
D7ztGzWsNcXCjkpkH9O7,4,rem,992.90322580645159
D7ztGzWsNcXCjkpkH9O7,4,wake,632.60869565217388
D7ztGzWsNcXCjkpkH9O7,5,deep,1050.0
D7ztGzWsNcXCjkpkH9O7,5,light,2020.7142857142862
D7ztGzWsNcXCjkpkH9O7,5,rem,819.31034482758616
D7ztGzWsNcXCjkpkH9O7,5,wake,548.57142857142867
D7ztGzWsNcXCjkpkH9O7,6,deep,966.92307692307691
D7ztGzWsNcXCjkpkH9O7,6,light,1873.5714285714287
D7ztGzWsNcXCjkpkH9O7,6,rem,1162.5
D7ztGzWsNcXCjkpkH9O7,6,wake,649.5
D7ztGzWsNcXCjkpkH9O7,7,deep,873.75
D7ztGzWsNcXCjkpkH9O7,7,light,1896.0
D7ztGzWsNcXCjkpkH9O7,7,rem,1077.0967741935478
D7ztGzWsNcXCjkpkH9O7,7,wake,545.0
D7ztGzWsNcXCjkpkH9O7,8,deep,1234.2857142857142
D7ztGzWsNcXCjkpkH9O7,8,light,1670.625
D7ztGzWsNcXCjkpkH9O7,8,rem,1150.7142857142858
D7ztGzWsNcXCjkpkH9O7,8,wake,670.0
D7ztGzWsNcXCjkpkH9O7,9,deep,648.0
D7ztGzWsNcXCjkpkH9O7,9,light,1651.1538461538464
D7ztGzWsNcXCjkpkH9O7,9,rem,1187.1428571428571
D7ztGzWsNcXCjkpkH9O7,9,wake,553.12499999999989
D7ztGzWsNcXCjkpkH9O7,10,deep,1155.0
D7ztGzWsNcXCjkpkH9O7,10,light,1621.3636363636367
D7ztGzWsNcXCjkpkH9O7,10,rem,639.375
D7ztGzWsNcXCjkpkH9O7,10,wake,402.85714285714283
D7ztGzWsNcXCjkpkH9O7,11,deep,1320.0
D7ztGzWsNcXCjkpkH9O7,11,light,2022.0
D7ztGzWsNcXCjkpkH9O7,11,rem,678.75
D7ztGzWsNcXCjkpkH9O7,11,wake,435.0
D7ztGzWsNcXCjkpkH9O7,12,deep,1235.0
D7ztGzWsNcXCjkpkH9O7,12,light,1700.7692307692307
D7ztGzWsNcXCjkpkH9O7,12,rem,1194.0
D7ztGzWsNcXCjkpkH9O7,12,wake,852.85714285714289
D7ztGzWsNcXCjkpkH9O7,13,deep,1301.25
D7ztGzWsNcXCjkpkH9O7,13,light,1735.0
D7ztGzWsNcXCjkpkH9O7,13,rem,1152.8571428571429
D7ztGzWsNcXCjkpkH9O7,13,wake,760.0
D7ztGzWsNcXCjkpkH9O7,14,deep,947.14285714285711
D7ztGzWsNcXCjkpkH9O7,14,light,1932.8571428571427
D7ztGzWsNcXCjkpkH9O7,14,rem,600.0
D7ztGzWsNcXCjkpkH9O7,14,wake,540.0
D7ztGzWsNcXCjkpkH9O7,15,deep,270.0
D7ztGzWsNcXCjkpkH9O7,15,light,2037.2727272727273
D7ztGzWsNcXCjkpkH9O7,15,rem,1038.75
D7ztGzWsNcXCjkpkH9O7,15,wake,860.0
D7ztGzWsNcXCjkpkH9O7,16,deep,1890.0
D7ztGzWsNcXCjkpkH9O7,16,light,1812.8571428571429
D7ztGzWsNcXCjkpkH9O7,16,rem,1026.0
D7ztGzWsNcXCjkpkH9O7,16,wake,810.0
D7ztGzWsNcXCjkpkH9O7,17,deep,1020.0
D7ztGzWsNcXCjkpkH9O7,17,light,1210.0
D7ztGzWsNcXCjkpkH9O7,17,rem,1248.0
D7ztGzWsNcXCjkpkH9O7,17,wake,480.0
D7ztGzWsNcXCjkpkH9O7,18,deep,900.0
D7ztGzWsNcXCjkpkH9O7,18,light,1095.0
D7ztGzWsNcXCjkpkH9O7,18,rem,60.0
D7ztGzWsNcXCjkpkH9O7,18,wake,570.0
D7ztGzWsNcXCjkpkH9O7,19,light,1245.0
D7ztGzWsNcXCjkpkH9O7,19,rem,930.0
D7ztGzWsNcXCjkpkH9O7,19,wake,420.0
D7ztGzWsNcXCjkpkH9O7,20,deep,495.0
D7ztGzWsNcXCjkpkH9O7,20,light,1560.0
D7ztGzWsNcXCjkpkH9O7,20,rem,1710.0
D7ztGzWsNcXCjkpkH9O7,20,wake,375.0
D7ztGzWsNcXCjkpkH9O7,21,deep,1890.0
D7ztGzWsNcXCjkpkH9O7,21,light,966.0
D7ztGzWsNcXCjkpkH9O7,21,rem,450.0
D7ztGzWsNcXCjkpkH9O7,21,wake,525.0
D7ztGzWsNcXCjkpkH9O7,22,deep,1143.3333333333333
D7ztGzWsNcXCjkpkH9O7,22,light,1419.0
D7ztGzWsNcXCjkpkH9O7,22,rem,210.0
D7ztGzWsNcXCjkpkH9O7,22,wake,930.0
D7ztGzWsNcXCjkpkH9O7,23,deep,1414.2857142857142
D7ztGzWsNcXCjkpkH9O7,23,light,1313.3333333333333
D7ztGzWsNcXCjkpkH9O7,23,rem,940.0
D7ztGzWsNcXCjkpkH9O7,23,wake,608.18181818181813
DfgE795ypSnZzyuBlNNT,0,deep,1017.2727272727271
DfgE795ypSnZzyuBlNNT,0,light,2177.6190476190486
DfgE795ypSnZzyuBlNNT,0,rem,1147.333333333333
DfgE795ypSnZzyuBlNNT,0,wake,555.00000000000011
DfgE795ypSnZzyuBlNNT,1,deep,1072.3076923076919
DfgE795ypSnZzyuBlNNT,1,light,2365.238095238095
DfgE795ypSnZzyuBlNNT,1,rem,917.27272727272714
DfgE795ypSnZzyuBlNNT,1,wake,475.0
DfgE795ypSnZzyuBlNNT,2,deep,1186.4285714285716
DfgE795ypSnZzyuBlNNT,2,light,2265.2380952380959
DfgE795ypSnZzyuBlNNT,2,rem,835.71428571428555
DfgE795ypSnZzyuBlNNT,2,wake,385.38461538461536
DfgE795ypSnZzyuBlNNT,3,deep,1078.5365853658539
DfgE795ypSnZzyuBlNNT,3,light,2180.8064516129029
DfgE795ypSnZzyuBlNNT,3,rem,847.29729729729729
DfgE795ypSnZzyuBlNNT,3,wake,643.63636363636374
DfgE795ypSnZzyuBlNNT,4,deep,625.71428571428567
DfgE795ypSnZzyuBlNNT,4,light,2356.2295081967222
DfgE795ypSnZzyuBlNNT,4,rem,958.33333333333348
DfgE795ypSnZzyuBlNNT,4,wake,887.30769230769226
DfgE795ypSnZzyuBlNNT,5,deep,721.66666666666674
DfgE795ypSnZzyuBlNNT,5,light,1960.1612903225803
DfgE795ypSnZzyuBlNNT,5,rem,1029.090909090909
DfgE795ypSnZzyuBlNNT,5,wake,1054.6666666666667
DfgE795ypSnZzyuBlNNT,6,deep,894.0
DfgE795ypSnZzyuBlNNT,6,light,1282.9411764705881
DfgE795ypSnZzyuBlNNT,6,rem,786.81818181818187
DfgE795ypSnZzyuBlNNT,6,wake,637.82608695652164
DfgE795ypSnZzyuBlNNT,7,deep,270.0
DfgE795ypSnZzyuBlNNT,7,light,638.57142857142856
DfgE795ypSnZzyuBlNNT,7,rem,720.0
DfgE795ypSnZzyuBlNNT,7,wake,678.75
DfgE795ypSnZzyuBlNNT,22,deep,30.0
DfgE795ypSnZzyuBlNNT,22,light,846.666666666667
DfgE795ypSnZzyuBlNNT,22,wake,392.81250000000006
DfgE795ypSnZzyuBlNNT,23,deep,1069.2000000000003
DfgE795ypSnZzyuBlNNT,23,light,2609.516129032259
DfgE795ypSnZzyuBlNNT,23,rem,572.0
DfgE795ypSnZzyuBlNNT,23,wake,595.86206896551732
EeTSKkNw03amapx06fy9,0,deep,1438.846153846154
EeTSKkNw03amapx06fy9,0,light,1942.8571428571433
EeTSKkNw03amapx06fy9,0,rem,529.41176470588232
EeTSKkNw03amapx06fy9,0,wake,516.0
EeTSKkNw03amapx06fy9,1,deep,989.14285714285722
EeTSKkNw03amapx06fy9,1,light,2416.6666666666665
EeTSKkNw03amapx06fy9,1,rem,868.421052631579
EeTSKkNw03amapx06fy9,1,wake,385.0
EeTSKkNw03amapx06fy9,2,deep,962.79069767441865
EeTSKkNw03amapx06fy9,2,light,2496.6666666666674
EeTSKkNw03amapx06fy9,2,rem,603.33333333333314
EeTSKkNw03amapx06fy9,2,wake,375.88235294117646
EeTSKkNw03amapx06fy9,3,deep,792.41379310344837
EeTSKkNw03amapx06fy9,3,light,2592.8571428571427
EeTSKkNw03amapx06fy9,3,rem,783.48837209302326
EeTSKkNw03amapx06fy9,3,wake,484.28571428571428
EeTSKkNw03amapx06fy9,4,deep,762.85714285714289
EeTSKkNw03amapx06fy9,4,light,2393.4375
EeTSKkNw03amapx06fy9,4,rem,1168.1249999999995
EeTSKkNw03amapx06fy9,4,wake,511.49999999999994
EeTSKkNw03amapx06fy9,5,deep,528.0
EeTSKkNw03amapx06fy9,5,light,2161.9047619047619
EeTSKkNw03amapx06fy9,5,rem,1200.5084745762708
EeTSKkNw03amapx06fy9,5,wake,592.10526315789468
EeTSKkNw03amapx06fy9,6,deep,477.0
EeTSKkNw03amapx06fy9,6,light,2153.7096774193542
EeTSKkNw03amapx06fy9,6,rem,1101.6666666666663
EeTSKkNw03amapx06fy9,6,wake,559.61538461538464
EeTSKkNw03amapx06fy9,7,deep,435.0
EeTSKkNw03amapx06fy9,7,light,1817.3076923076915
EeTSKkNw03amapx06fy9,7,rem,1205.3846153846155
EeTSKkNw03amapx06fy9,7,wake,555.42857142857156
EeTSKkNw03amapx06fy9,8,light,328.42105263157896
EeTSKkNw03amapx06fy9,8,rem,486.42857142857144
EeTSKkNw03amapx06fy9,8,wake,403.33333333333331
EeTSKkNw03amapx06fy9,21,light,780.0
EeTSKkNw03amapx06fy9,21,wake,1020.0
EeTSKkNw03amapx06fy9,22,light,2130.0
EeTSKkNw03amapx06fy9,22,rem,330.0
EeTSKkNw03amapx06fy9,22,wake,1245.0
EeTSKkNw03amapx06fy9,23,deep,789.375
EeTSKkNw03amapx06fy9,23,light,859.99999999999989
EeTSKkNw03amapx06fy9,23,rem,513.33333333333337
EeTSKkNw03amapx06fy9,23,wake,776.181818181818
H7UADUwy3br6HvHTUti0,0,deep,654.0
H7UADUwy3br6HvHTUti0,0,light,1701.4285714285716
H7UADUwy3br6HvHTUti0,0,rem,592.5
H7UADUwy3br6HvHTUti0,0,wake,438.0
H7UADUwy3br6HvHTUti0,1,deep,840.0
H7UADUwy3br6HvHTUti0,1,light,2120.0
H7UADUwy3br6HvHTUti0,1,rem,785.0
H7UADUwy3br6HvHTUti0,1,wake,725.35714285714289
H7UADUwy3br6HvHTUti0,2,deep,750.0
H7UADUwy3br6HvHTUti0,2,light,2289.2307692307686
H7UADUwy3br6HvHTUti0,2,rem,760.0
H7UADUwy3br6HvHTUti0,2,wake,704.99999999999989
H7UADUwy3br6HvHTUti0,3,deep,952.85714285714278
H7UADUwy3br6HvHTUti0,3,light,2287.3584905660373
H7UADUwy3br6HvHTUti0,3,rem,756.56250000000011
H7UADUwy3br6HvHTUti0,3,wake,750.0
H7UADUwy3br6HvHTUti0,4,deep,956.78571428571422
H7UADUwy3br6HvHTUti0,4,light,1995.7894736842102
H7UADUwy3br6HvHTUti0,4,rem,1028.780487804878
H7UADUwy3br6HvHTUti0,4,wake,728.07692307692309
H7UADUwy3br6HvHTUti0,5,deep,1014.7826086956522
H7UADUwy3br6HvHTUti0,5,light,2019.8181818181815
H7UADUwy3br6HvHTUti0,5,rem,1132.1052631578953
H7UADUwy3br6HvHTUti0,5,wake,841.304347826087
H7UADUwy3br6HvHTUti0,6,deep,972.63157894736844
H7UADUwy3br6HvHTUti0,6,light,2020.7547169811321
H7UADUwy3br6HvHTUti0,6,rem,1219.4594594594598
H7UADUwy3br6HvHTUti0,6,wake,694.28571428571445
H7UADUwy3br6HvHTUti0,7,deep,714.0
H7UADUwy3br6HvHTUti0,7,light,2005.9999999999993
H7UADUwy3br6HvHTUti0,7,rem,1119.090909090909
H7UADUwy3br6HvHTUti0,7,wake,647.30769230769238
H7UADUwy3br6HvHTUti0,8,deep,1140.0
H7UADUwy3br6HvHTUti0,8,light,1380.9677419354841
H7UADUwy3br6HvHTUti0,8,rem,853.125
H7UADUwy3br6HvHTUti0,8,wake,538.57142857142867
H7UADUwy3br6HvHTUti0,9,deep,390.0
H7UADUwy3br6HvHTUti0,9,light,1060.0
H7UADUwy3br6HvHTUti0,9,rem,952.5
H7UADUwy3br6HvHTUti0,9,wake,714.0
H7UADUwy3br6HvHTUti0,10,light,360.0
H7UADUwy3br6HvHTUti0,10,wake,390.0
H7UADUwy3br6HvHTUti0,22,deep,1740.0
H7UADUwy3br6HvHTUti0,22,light,1560.0
H7UADUwy3br6HvHTUti0,22,wake,750.0
H7UADUwy3br6HvHTUti0,23,deep,630.0
H7UADUwy3br6HvHTUti0,23,light,1406.25
H7UADUwy3br6HvHTUti0,23,rem,780.0
H7UADUwy3br6HvHTUti0,23,wake,694.28571428571433
O7gJjdBvBXpMezaXUlbR,0,deep,866.66666666666652
O7gJjdBvBXpMezaXUlbR,0,light,1805.5813953488373
O7gJjdBvBXpMezaXUlbR,0,rem,1059.2307692307693
O7gJjdBvBXpMezaXUlbR,0,wake,570.00000000000011
O7gJjdBvBXpMezaXUlbR,1,deep,885.0
O7gJjdBvBXpMezaXUlbR,1,light,1833.3333333333337
O7gJjdBvBXpMezaXUlbR,1,rem,1299.9999999999998
O7gJjdBvBXpMezaXUlbR,1,wake,453.99999999999994
O7gJjdBvBXpMezaXUlbR,2,deep,747.6
O7gJjdBvBXpMezaXUlbR,2,light,2019.3333333333337
O7gJjdBvBXpMezaXUlbR,2,rem,1284.5454545454545
O7gJjdBvBXpMezaXUlbR,2,wake,399.0
O7gJjdBvBXpMezaXUlbR,3,deep,606.42857142857133
O7gJjdBvBXpMezaXUlbR,3,light,1693.6363636363635
O7gJjdBvBXpMezaXUlbR,3,rem,1312.4999999999998
O7gJjdBvBXpMezaXUlbR,3,wake,321.42857142857144
O7gJjdBvBXpMezaXUlbR,4,deep,1098.0
O7gJjdBvBXpMezaXUlbR,4,light,1962.2222222222226
O7gJjdBvBXpMezaXUlbR,4,rem,1142.8571428571429
O7gJjdBvBXpMezaXUlbR,4,wake,615.0
O7gJjdBvBXpMezaXUlbR,5,deep,940.0
O7gJjdBvBXpMezaXUlbR,5,light,1626.9230769230771
O7gJjdBvBXpMezaXUlbR,5,rem,1591.2
O7gJjdBvBXpMezaXUlbR,5,wake,645.0
O7gJjdBvBXpMezaXUlbR,6,deep,570.0
O7gJjdBvBXpMezaXUlbR,6,light,1448.5714285714289
O7gJjdBvBXpMezaXUlbR,6,rem,1209.4736842105262
O7gJjdBvBXpMezaXUlbR,6,wake,547.5
O7gJjdBvBXpMezaXUlbR,7,deep,862.5
O7gJjdBvBXpMezaXUlbR,7,light,1418.1818181818182
O7gJjdBvBXpMezaXUlbR,7,rem,1540.0
O7gJjdBvBXpMezaXUlbR,7,wake,330.0
O7gJjdBvBXpMezaXUlbR,8,deep,1050.0
O7gJjdBvBXpMezaXUlbR,8,light,1830.0
O7gJjdBvBXpMezaXUlbR,8,rem,828.0
O7gJjdBvBXpMezaXUlbR,8,wake,450.0
O7gJjdBvBXpMezaXUlbR,9,light,810.0
O7gJjdBvBXpMezaXUlbR,9,rem,1320.0
O7gJjdBvBXpMezaXUlbR,21,deep,30.0
O7gJjdBvBXpMezaXUlbR,21,light,630.0
O7gJjdBvBXpMezaXUlbR,21,wake,375.0
O7gJjdBvBXpMezaXUlbR,22,deep,1238.5714285714284
O7gJjdBvBXpMezaXUlbR,22,light,1017.4999999999999
O7gJjdBvBXpMezaXUlbR,22,rem,120.0
O7gJjdBvBXpMezaXUlbR,22,wake,507.0
O7gJjdBvBXpMezaXUlbR,23,deep,1057.1428571428571
O7gJjdBvBXpMezaXUlbR,23,light,1449.0909090909086
O7gJjdBvBXpMezaXUlbR,23,rem,878.57142857142856
O7gJjdBvBXpMezaXUlbR,23,wake,530.0
Ohb0TKzIBmhz3jYZJ4Eq,0,deep,750.0
Ohb0TKzIBmhz3jYZJ4Eq,0,light,2094.166666666667
Ohb0TKzIBmhz3jYZJ4Eq,0,rem,1036.0
Ohb0TKzIBmhz3jYZJ4Eq,0,wake,562.50000000000011
Ohb0TKzIBmhz3jYZJ4Eq,1,deep,1083.6
Ohb0TKzIBmhz3jYZJ4Eq,1,light,1909.090909090909
Ohb0TKzIBmhz3jYZJ4Eq,1,rem,966.31578947368416
Ohb0TKzIBmhz3jYZJ4Eq,1,wake,636.774193548387
Ohb0TKzIBmhz3jYZJ4Eq,2,deep,998.43750000000023
Ohb0TKzIBmhz3jYZJ4Eq,2,light,1962.9545454545457
Ohb0TKzIBmhz3jYZJ4Eq,2,rem,785.62500000000011
Ohb0TKzIBmhz3jYZJ4Eq,2,wake,553.33333333333337
Ohb0TKzIBmhz3jYZJ4Eq,3,deep,1218.75
Ohb0TKzIBmhz3jYZJ4Eq,3,light,1994.9999999999998
Ohb0TKzIBmhz3jYZJ4Eq,3,rem,922.8
Ohb0TKzIBmhz3jYZJ4Eq,3,wake,427.5
Ohb0TKzIBmhz3jYZJ4Eq,4,deep,921.0
Ohb0TKzIBmhz3jYZJ4Eq,4,light,2063.8636363636365
Ohb0TKzIBmhz3jYZJ4Eq,4,rem,1015.4545454545455
Ohb0TKzIBmhz3jYZJ4Eq,4,wake,403.125
Ohb0TKzIBmhz3jYZJ4Eq,5,deep,866.78571428571433
Ohb0TKzIBmhz3jYZJ4Eq,5,light,2099.3181818181824
Ohb0TKzIBmhz3jYZJ4Eq,5,rem,980.52631578947376
Ohb0TKzIBmhz3jYZJ4Eq,5,wake,300.0
Ohb0TKzIBmhz3jYZJ4Eq,6,deep,667.5
Ohb0TKzIBmhz3jYZJ4Eq,6,light,2187.9545454545455
Ohb0TKzIBmhz3jYZJ4Eq,6,rem,1076.153846153846
Ohb0TKzIBmhz3jYZJ4Eq,6,wake,381.66666666666669
Ohb0TKzIBmhz3jYZJ4Eq,7,deep,720.0
Ohb0TKzIBmhz3jYZJ4Eq,7,light,1157.8378378378379
Ohb0TKzIBmhz3jYZJ4Eq,7,rem,451.57894736842104
Ohb0TKzIBmhz3jYZJ4Eq,7,wake,623.142857142857
Ohb0TKzIBmhz3jYZJ4Eq,8,deep,540.0
Ohb0TKzIBmhz3jYZJ4Eq,8,light,1281.8181818181818
Ohb0TKzIBmhz3jYZJ4Eq,8,rem,1560.0
Ohb0TKzIBmhz3jYZJ4Eq,8,wake,573.0
Ohb0TKzIBmhz3jYZJ4Eq,9,deep,30.0
Ohb0TKzIBmhz3jYZJ4Eq,9,light,855.0
Ohb0TKzIBmhz3jYZJ4Eq,9,wake,798.0
Ohb0TKzIBmhz3jYZJ4Eq,22,deep,1335.0
Ohb0TKzIBmhz3jYZJ4Eq,22,light,813.33333333333348
Ohb0TKzIBmhz3jYZJ4Eq,22,wake,492.5
Ohb0TKzIBmhz3jYZJ4Eq,23,deep,1065.8823529411764
Ohb0TKzIBmhz3jYZJ4Eq,23,light,1969.6874999999995
Ohb0TKzIBmhz3jYZJ4Eq,23,rem,522.0
Ohb0TKzIBmhz3jYZJ4Eq,23,wake,675.6
TQxEAP2h7ZW93YKzsM1u,0,deep,558.0
TQxEAP2h7ZW93YKzsM1u,0,light,2642.8125
TQxEAP2h7ZW93YKzsM1u,0,rem,930.00000000000011
TQxEAP2h7ZW93YKzsM1u,0,wake,434.11764705882354
TQxEAP2h7ZW93YKzsM1u,1,deep,519.23076923076928
TQxEAP2h7ZW93YKzsM1u,1,light,2413.1250000000005
TQxEAP2h7ZW93YKzsM1u,1,rem,1195.7142857142858
TQxEAP2h7ZW93YKzsM1u,1,wake,509.99999999999994
TQxEAP2h7ZW93YKzsM1u,2,deep,819.0
TQxEAP2h7ZW93YKzsM1u,2,light,2374.6875
TQxEAP2h7ZW93YKzsM1u,2,rem,1077.5
TQxEAP2h7ZW93YKzsM1u,2,wake,516.0
TQxEAP2h7ZW93YKzsM1u,3,deep,465.0
TQxEAP2h7ZW93YKzsM1u,3,light,2039.0625
TQxEAP2h7ZW93YKzsM1u,3,rem,1293.9999999999998
TQxEAP2h7ZW93YKzsM1u,3,wake,528.0
TQxEAP2h7ZW93YKzsM1u,4,deep,832.5
TQxEAP2h7ZW93YKzsM1u,4,light,2170.0000000000005
TQxEAP2h7ZW93YKzsM1u,4,rem,1142.6086956521738
TQxEAP2h7ZW93YKzsM1u,4,wake,634.50000000000011
TQxEAP2h7ZW93YKzsM1u,5,deep,560.0
TQxEAP2h7ZW93YKzsM1u,5,light,1134.285714285714
TQxEAP2h7ZW93YKzsM1u,5,rem,996.42857142857144
TQxEAP2h7ZW93YKzsM1u,5,wake,397.5
TQxEAP2h7ZW93YKzsM1u,6,light,300.0
TQxEAP2h7ZW93YKzsM1u,6,rem,1485.0
TQxEAP2h7ZW93YKzsM1u,6,wake,210.0
TQxEAP2h7ZW93YKzsM1u,19,wake,555.0
TQxEAP2h7ZW93YKzsM1u,20,light,830.0
TQxEAP2h7ZW93YKzsM1u,20,wake,1008.75
TQxEAP2h7ZW93YKzsM1u,21,deep,774.5454545454545
TQxEAP2h7ZW93YKzsM1u,21,light,1617.8571428571429
TQxEAP2h7ZW93YKzsM1u,21,rem,435.0
TQxEAP2h7ZW93YKzsM1u,21,wake,951.72413793103442
TQxEAP2h7ZW93YKzsM1u,22,deep,908.57142857142844
TQxEAP2h7ZW93YKzsM1u,22,light,2124.3749999999995
TQxEAP2h7ZW93YKzsM1u,22,rem,770.0
TQxEAP2h7ZW93YKzsM1u,22,wake,575.62500000000011
TQxEAP2h7ZW93YKzsM1u,23,deep,713.33333333333337
TQxEAP2h7ZW93YKzsM1u,23,light,2446.8750000000005
TQxEAP2h7ZW93YKzsM1u,23,rem,1118.5714285714287
TQxEAP2h7ZW93YKzsM1u,23,wake,349.5
TRoLztbeWobe57Etdnif,0,deep,1219.090909090909
TRoLztbeWobe57Etdnif,0,light,1720.7142857142858
TRoLztbeWobe57Etdnif,0,rem,615.0
TRoLztbeWobe57Etdnif,0,wake,603.75
TRoLztbeWobe57Etdnif,1,deep,1230.0
TRoLztbeWobe57Etdnif,1,light,1811.9999999999998
TRoLztbeWobe57Etdnif,1,rem,812.99999999999989
TRoLztbeWobe57Etdnif,1,wake,480.0
TRoLztbeWobe57Etdnif,2,deep,1080.0
TRoLztbeWobe57Etdnif,2,light,1612.7586206896551
TRoLztbeWobe57Etdnif,2,rem,1014.5454545454545
TRoLztbeWobe57Etdnif,2,wake,567.5
TRoLztbeWobe57Etdnif,3,deep,1263.4615384615386
TRoLztbeWobe57Etdnif,3,light,1834.1666666666663
TRoLztbeWobe57Etdnif,3,rem,810.0
TRoLztbeWobe57Etdnif,3,wake,492.50000000000011
TRoLztbeWobe57Etdnif,4,deep,1246.2499999999998
TRoLztbeWobe57Etdnif,4,light,2303.0769230769229
TRoLztbeWobe57Etdnif,4,rem,711.42857142857144
TRoLztbeWobe57Etdnif,4,wake,356.25
TRoLztbeWobe57Etdnif,5,deep,868.63636363636363
TRoLztbeWobe57Etdnif,5,light,2393.0769230769238
TRoLztbeWobe57Etdnif,5,rem,986.08695652173924
TRoLztbeWobe57Etdnif,5,wake,324.0
TRoLztbeWobe57Etdnif,6,deep,625.0
TRoLztbeWobe57Etdnif,6,light,2397.5675675675675
TRoLztbeWobe57Etdnif,6,rem,1005.0000000000001
TRoLztbeWobe57Etdnif,6,wake,500.0
TRoLztbeWobe57Etdnif,7,deep,786.0
TRoLztbeWobe57Etdnif,7,light,2330.5263157894742
TRoLztbeWobe57Etdnif,7,rem,748.0
TRoLztbeWobe57Etdnif,7,wake,447.5
TRoLztbeWobe57Etdnif,8,deep,810.0
TRoLztbeWobe57Etdnif,8,light,1662.5
TRoLztbeWobe57Etdnif,8,rem,462.0
TRoLztbeWobe57Etdnif,8,wake,714.0
TRoLztbeWobe57Etdnif,9,deep,1410.0
TRoLztbeWobe57Etdnif,9,light,1360.0
TRoLztbeWobe57Etdnif,9,wake,450.0
TRoLztbeWobe57Etdnif,10,light,1380.0
TRoLztbeWobe57Etdnif,21,deep,330.0
TRoLztbeWobe57Etdnif,21,light,750.0
TRoLztbeWobe57Etdnif,21,wake,330.0
TRoLztbeWobe57Etdnif,22,deep,610.0
TRoLztbeWobe57Etdnif,22,light,1422.0
TRoLztbeWobe57Etdnif,22,wake,682.5
TRoLztbeWobe57Etdnif,23,deep,1440.0
TRoLztbeWobe57Etdnif,23,light,1406.6666666666667
TRoLztbeWobe57Etdnif,23,rem,300.0
TRoLztbeWobe57Etdnif,23,wake,652.5
VmxG8sZ3CXzdnUljnPPC,0,deep,887.142857142857
VmxG8sZ3CXzdnUljnPPC,0,light,2546.7692307692305
VmxG8sZ3CXzdnUljnPPC,0,rem,812.30769230769226
VmxG8sZ3CXzdnUljnPPC,0,wake,687.39130434782612
VmxG8sZ3CXzdnUljnPPC,1,deep,825.0
VmxG8sZ3CXzdnUljnPPC,1,light,2409.2307692307691
VmxG8sZ3CXzdnUljnPPC,1,rem,932.04545454545439
VmxG8sZ3CXzdnUljnPPC,1,wake,520.0
VmxG8sZ3CXzdnUljnPPC,2,deep,861.6
VmxG8sZ3CXzdnUljnPPC,2,light,2260.3125
VmxG8sZ3CXzdnUljnPPC,2,rem,900.576923076923
VmxG8sZ3CXzdnUljnPPC,2,wake,578.99999999999989
VmxG8sZ3CXzdnUljnPPC,3,deep,751.42857142857144
VmxG8sZ3CXzdnUljnPPC,3,light,2270.1562500000005
VmxG8sZ3CXzdnUljnPPC,3,rem,1016.1111111111115
VmxG8sZ3CXzdnUljnPPC,3,wake,471.00000000000011
VmxG8sZ3CXzdnUljnPPC,4,deep,1023.3333333333334
VmxG8sZ3CXzdnUljnPPC,4,light,1586.1904761904761
VmxG8sZ3CXzdnUljnPPC,4,rem,929.3478260869565
VmxG8sZ3CXzdnUljnPPC,4,wake,648.38709677419354
VmxG8sZ3CXzdnUljnPPC,5,deep,552.0
VmxG8sZ3CXzdnUljnPPC,5,light,1377.3913043478262
VmxG8sZ3CXzdnUljnPPC,5,rem,785.2941176470589
VmxG8sZ3CXzdnUljnPPC,5,wake,470.0
VmxG8sZ3CXzdnUljnPPC,6,deep,900.0
VmxG8sZ3CXzdnUljnPPC,6,light,1610.0
VmxG8sZ3CXzdnUljnPPC,6,rem,667.5
VmxG8sZ3CXzdnUljnPPC,6,wake,825.0
VmxG8sZ3CXzdnUljnPPC,7,deep,450.0
VmxG8sZ3CXzdnUljnPPC,7,light,1140.0
VmxG8sZ3CXzdnUljnPPC,7,rem,480.0
VmxG8sZ3CXzdnUljnPPC,10,wake,300.0
VmxG8sZ3CXzdnUljnPPC,11,deep,360.0
VmxG8sZ3CXzdnUljnPPC,11,light,3060.0
VmxG8sZ3CXzdnUljnPPC,11,wake,180.0
VmxG8sZ3CXzdnUljnPPC,12,light,1530.0
VmxG8sZ3CXzdnUljnPPC,12,rem,390.0
VmxG8sZ3CXzdnUljnPPC,12,wake,1680.0
VmxG8sZ3CXzdnUljnPPC,13,deep,390.0
VmxG8sZ3CXzdnUljnPPC,13,light,3150.0
VmxG8sZ3CXzdnUljnPPC,13,rem,60.0
VmxG8sZ3CXzdnUljnPPC,14,light,2550.0
VmxG8sZ3CXzdnUljnPPC,14,wake,210.0
VmxG8sZ3CXzdnUljnPPC,20,light,135.0
VmxG8sZ3CXzdnUljnPPC,20,wake,660.0
VmxG8sZ3CXzdnUljnPPC,21,deep,969.375
VmxG8sZ3CXzdnUljnPPC,21,light,1378.75
VmxG8sZ3CXzdnUljnPPC,21,rem,960.0
VmxG8sZ3CXzdnUljnPPC,21,wake,553.04347826086962
VmxG8sZ3CXzdnUljnPPC,22,deep,1171.8181818181815
VmxG8sZ3CXzdnUljnPPC,22,light,2354.7457627118642
VmxG8sZ3CXzdnUljnPPC,22,rem,669.0
VmxG8sZ3CXzdnUljnPPC,22,wake,416.08695652173918
VmxG8sZ3CXzdnUljnPPC,23,deep,1026.6666666666667
VmxG8sZ3CXzdnUljnPPC,23,light,2505.7142857142871
VmxG8sZ3CXzdnUljnPPC,23,rem,815.24999999999989
VmxG8sZ3CXzdnUljnPPC,23,wake,523.84615384615381
VsVGqSabr41jktvT6gLN,0,deep,1305.6521739130437
VsVGqSabr41jktvT6gLN,0,light,1864.3902439024394
VsVGqSabr41jktvT6gLN,0,rem,541.578947368421
VsVGqSabr41jktvT6gLN,0,wake,492.85714285714283
VsVGqSabr41jktvT6gLN,1,deep,919.28571428571422
VsVGqSabr41jktvT6gLN,1,light,1998.9795918367342
VsVGqSabr41jktvT6gLN,1,rem,819.99999999999989
VsVGqSabr41jktvT6gLN,1,wake,945.0
VsVGqSabr41jktvT6gLN,2,deep,1247.4193548387095
VsVGqSabr41jktvT6gLN,2,light,1708.2692307692309
VsVGqSabr41jktvT6gLN,2,rem,820.0
VsVGqSabr41jktvT6gLN,2,wake,1051.7647058823529
VsVGqSabr41jktvT6gLN,3,deep,1066.8749999999995
VsVGqSabr41jktvT6gLN,3,light,1979.9999999999998
VsVGqSabr41jktvT6gLN,3,rem,856.25
VsVGqSabr41jktvT6gLN,3,wake,699.31034482758628
VsVGqSabr41jktvT6gLN,4,deep,989.99999999999977
VsVGqSabr41jktvT6gLN,4,light,2038.3928571428573
VsVGqSabr41jktvT6gLN,4,rem,941.470588235294
VsVGqSabr41jktvT6gLN,4,wake,879.13043478260875
VsVGqSabr41jktvT6gLN,5,deep,1138.8461538461538
VsVGqSabr41jktvT6gLN,5,light,1959.8275862068967
VsVGqSabr41jktvT6gLN,5,rem,863.68421052631561
VsVGqSabr41jktvT6gLN,5,wake,833.82352941176475
VsVGqSabr41jktvT6gLN,6,deep,778.125
VsVGqSabr41jktvT6gLN,6,light,1885.0000000000002
VsVGqSabr41jktvT6gLN,6,rem,1206.8181818181818
VsVGqSabr41jktvT6gLN,6,wake,1002.2222222222221
VsVGqSabr41jktvT6gLN,7,deep,558.0
VsVGqSabr41jktvT6gLN,7,light,1810.7547169811319
VsVGqSabr41jktvT6gLN,7,rem,1255.4347826086957
VsVGqSabr41jktvT6gLN,7,wake,888.888888888889
VsVGqSabr41jktvT6gLN,8,deep,880.0
VsVGqSabr41jktvT6gLN,8,light,1667.045454545455
VsVGqSabr41jktvT6gLN,8,rem,1133.3333333333337
VsVGqSabr41jktvT6gLN,8,wake,943.33333333333326
VsVGqSabr41jktvT6gLN,9,deep,654.0
VsVGqSabr41jktvT6gLN,9,light,1346.25
VsVGqSabr41jktvT6gLN,9,rem,1106.0
VsVGqSabr41jktvT6gLN,9,wake,410.0
VsVGqSabr41jktvT6gLN,10,light,264.0
VsVGqSabr41jktvT6gLN,10,rem,1080.0
VsVGqSabr41jktvT6gLN,10,wake,195.0
VsVGqSabr41jktvT6gLN,20,light,60.0
VsVGqSabr41jktvT6gLN,21,light,1980.0
VsVGqSabr41jktvT6gLN,21,wake,720.0
VsVGqSabr41jktvT6gLN,22,deep,775.0
VsVGqSabr41jktvT6gLN,22,light,1510.0000000000002
VsVGqSabr41jktvT6gLN,22,rem,577.5
VsVGqSabr41jktvT6gLN,22,wake,810.0
VsVGqSabr41jktvT6gLN,23,deep,1347.5
VsVGqSabr41jktvT6gLN,23,light,1465.714285714286
VsVGqSabr41jktvT6gLN,23,rem,1110.0
VsVGqSabr41jktvT6gLN,23,wake,615.0
XrpORwShj6Qit9Aq4hS1,0,deep,1325.625
XrpORwShj6Qit9Aq4hS1,0,light,1406.3414634146343
XrpORwShj6Qit9Aq4hS1,0,rem,540.0
XrpORwShj6Qit9Aq4hS1,0,wake,493.63636363636368
XrpORwShj6Qit9Aq4hS1,1,deep,1141.0714285714284
XrpORwShj6Qit9Aq4hS1,1,light,2229.4444444444434
XrpORwShj6Qit9Aq4hS1,1,rem,900.00000000000011
XrpORwShj6Qit9Aq4hS1,1,wake,435.0
XrpORwShj6Qit9Aq4hS1,2,deep,945.0
XrpORwShj6Qit9Aq4hS1,2,light,2379.1525423728817
XrpORwShj6Qit9Aq4hS1,2,rem,900.85714285714289
XrpORwShj6Qit9Aq4hS1,2,wake,613.8461538461537
XrpORwShj6Qit9Aq4hS1,3,deep,865.2
XrpORwShj6Qit9Aq4hS1,3,light,2601.7741935483878
XrpORwShj6Qit9Aq4hS1,3,rem,1054.7368421052633
XrpORwShj6Qit9Aq4hS1,3,wake,471.59999999999997
XrpORwShj6Qit9Aq4hS1,4,deep,796.99999999999989
XrpORwShj6Qit9Aq4hS1,4,light,2319.9999999999995
XrpORwShj6Qit9Aq4hS1,4,rem,1109.2307692307693
XrpORwShj6Qit9Aq4hS1,4,wake,559.09090909090912
XrpORwShj6Qit9Aq4hS1,5,deep,812.06896551724139
XrpORwShj6Qit9Aq4hS1,5,light,2260.0
XrpORwShj6Qit9Aq4hS1,5,rem,1140.0000000000002
XrpORwShj6Qit9Aq4hS1,5,wake,575.0
XrpORwShj6Qit9Aq4hS1,6,deep,588.57142857142856
XrpORwShj6Qit9Aq4hS1,6,light,2331.1475409836066
XrpORwShj6Qit9Aq4hS1,6,rem,1219.4594594594591
XrpORwShj6Qit9Aq4hS1,6,wake,515.17241379310337
XrpORwShj6Qit9Aq4hS1,7,deep,634.28571428571433
XrpORwShj6Qit9Aq4hS1,7,light,1530.0000000000005
XrpORwShj6Qit9Aq4hS1,7,rem,1287.5675675675675
XrpORwShj6Qit9Aq4hS1,7,wake,623.63636363636363
XrpORwShj6Qit9Aq4hS1,8,deep,610.0
XrpORwShj6Qit9Aq4hS1,8,light,1422.272727272727
XrpORwShj6Qit9Aq4hS1,8,rem,911.25
XrpORwShj6Qit9Aq4hS1,8,wake,472.49999999999994
XrpORwShj6Qit9Aq4hS1,9,deep,450.0
XrpORwShj6Qit9Aq4hS1,9,light,1140.0
XrpORwShj6Qit9Aq4hS1,9,rem,1090.0
XrpORwShj6Qit9Aq4hS1,9,wake,708.0
XrpORwShj6Qit9Aq4hS1,10,wake,750.0
XrpORwShj6Qit9Aq4hS1,17,light,3000.0
XrpORwShj6Qit9Aq4hS1,18,light,3060.0
XrpORwShj6Qit9Aq4hS1,18,rem,330.0
XrpORwShj6Qit9Aq4hS1,18,wake,210.0
XrpORwShj6Qit9Aq4hS1,19,deep,960.0
XrpORwShj6Qit9Aq4hS1,19,light,2310.0
XrpORwShj6Qit9Aq4hS1,19,wake,330.0
XrpORwShj6Qit9Aq4hS1,20,deep,750.0
XrpORwShj6Qit9Aq4hS1,20,light,2850.0
XrpORwShj6Qit9Aq4hS1,21,light,30.0
XrpORwShj6Qit9Aq4hS1,21,wake,450.0
XrpORwShj6Qit9Aq4hS1,22,deep,1290.0
XrpORwShj6Qit9Aq4hS1,22,light,810.0
XrpORwShj6Qit9Aq4hS1,22,wake,210.0
XrpORwShj6Qit9Aq4hS1,23,light,1265.4545454545455
XrpORwShj6Qit9Aq4hS1,23,wake,546.66666666666663
Zqm5epVrcyI44hGpTO2c,0,deep,1724.1176470588234
Zqm5epVrcyI44hGpTO2c,0,light,1338.409090909091
Zqm5epVrcyI44hGpTO2c,0,rem,768.75
Zqm5epVrcyI44hGpTO2c,0,wake,356.47058823529414
Zqm5epVrcyI44hGpTO2c,1,deep,1779.545454545454
Zqm5epVrcyI44hGpTO2c,1,light,1731.7647058823527
Zqm5epVrcyI44hGpTO2c,1,rem,567.69230769230774
Zqm5epVrcyI44hGpTO2c,1,wake,494.00000000000006
Zqm5epVrcyI44hGpTO2c,2,deep,1409.1428571428573
Zqm5epVrcyI44hGpTO2c,2,light,1995.0000000000005
Zqm5epVrcyI44hGpTO2c,2,rem,839.99999999999989
Zqm5epVrcyI44hGpTO2c,2,wake,453.74999999999994
Zqm5epVrcyI44hGpTO2c,3,deep,1005.0000000000001
Zqm5epVrcyI44hGpTO2c,3,light,2251.6981132075471
Zqm5epVrcyI44hGpTO2c,3,rem,1065.483870967742
Zqm5epVrcyI44hGpTO2c,3,wake,636.42857142857144
Zqm5epVrcyI44hGpTO2c,4,deep,842.00000000000011
Zqm5epVrcyI44hGpTO2c,4,light,1947.0
Zqm5epVrcyI44hGpTO2c,4,rem,1333.9534883720935
Zqm5epVrcyI44hGpTO2c,4,wake,556.36363636363637
Zqm5epVrcyI44hGpTO2c,5,deep,1090.0
Zqm5epVrcyI44hGpTO2c,5,light,1966.5957446808511
Zqm5epVrcyI44hGpTO2c,5,rem,1244.2500000000005
Zqm5epVrcyI44hGpTO2c,5,wake,731.66666666666652
Zqm5epVrcyI44hGpTO2c,6,light,1220.6896551724137
Zqm5epVrcyI44hGpTO2c,6,rem,1248.4615384615383
Zqm5epVrcyI44hGpTO2c,6,wake,803.51351351351332
Zqm5epVrcyI44hGpTO2c,7,light,1342.5
Zqm5epVrcyI44hGpTO2c,7,rem,851.25
Zqm5epVrcyI44hGpTO2c,7,wake,796.66666666666663
Zqm5epVrcyI44hGpTO2c,8,light,1215.0
Zqm5epVrcyI44hGpTO2c,8,rem,480.0
Zqm5epVrcyI44hGpTO2c,8,wake,825.0
Zqm5epVrcyI44hGpTO2c,20,deep,1500.0
Zqm5epVrcyI44hGpTO2c,20,light,450.0
Zqm5epVrcyI44hGpTO2c,21,deep,1560.0
Zqm5epVrcyI44hGpTO2c,21,light,1530.0
Zqm5epVrcyI44hGpTO2c,21,wake,510.0
Zqm5epVrcyI44hGpTO2c,22,deep,1120.0
Zqm5epVrcyI44hGpTO2c,22,light,822.0
Zqm5epVrcyI44hGpTO2c,22,wake,405.0
Zqm5epVrcyI44hGpTO2c,23,deep,1155.8823529411766
Zqm5epVrcyI44hGpTO2c,23,light,1121.1111111111111
Zqm5epVrcyI44hGpTO2c,23,rem,405.0
Zqm5epVrcyI44hGpTO2c,23,wake,560.76923076923072
cXQqwEwIHUTYC3x6ESln,0,deep,1281.1764705882354
cXQqwEwIHUTYC3x6ESln,0,light,1881.1111111111111
cXQqwEwIHUTYC3x6ESln,0,rem,858.0
cXQqwEwIHUTYC3x6ESln,0,wake,696.92307692307691
cXQqwEwIHUTYC3x6ESln,1,deep,910.0
cXQqwEwIHUTYC3x6ESln,1,light,2136.666666666667
cXQqwEwIHUTYC3x6ESln,1,rem,928.421052631579
cXQqwEwIHUTYC3x6ESln,1,wake,610.0
cXQqwEwIHUTYC3x6ESln,2,deep,1056.6666666666667
cXQqwEwIHUTYC3x6ESln,2,light,1694.9999999999998
cXQqwEwIHUTYC3x6ESln,2,rem,1296.666666666667
cXQqwEwIHUTYC3x6ESln,2,wake,751.76470588235293
cXQqwEwIHUTYC3x6ESln,3,deep,678.75
cXQqwEwIHUTYC3x6ESln,3,light,1967.1428571428569
cXQqwEwIHUTYC3x6ESln,3,rem,1025.625
cXQqwEwIHUTYC3x6ESln,3,wake,568.421052631579
cXQqwEwIHUTYC3x6ESln,4,deep,1315.0
cXQqwEwIHUTYC3x6ESln,4,light,1617.6923076923076
cXQqwEwIHUTYC3x6ESln,4,rem,1172.8571428571429
cXQqwEwIHUTYC3x6ESln,4,wake,557.99999999999989
cXQqwEwIHUTYC3x6ESln,5,deep,1376.6666666666667
cXQqwEwIHUTYC3x6ESln,5,light,1607.9999999999998
cXQqwEwIHUTYC3x6ESln,5,rem,1041.8181818181818
cXQqwEwIHUTYC3x6ESln,5,wake,294.0
cXQqwEwIHUTYC3x6ESln,6,deep,960.0
cXQqwEwIHUTYC3x6ESln,6,light,1551.4285714285716
cXQqwEwIHUTYC3x6ESln,6,rem,1192.5
cXQqwEwIHUTYC3x6ESln,6,wake,720.0
cXQqwEwIHUTYC3x6ESln,7,deep,1207.5
cXQqwEwIHUTYC3x6ESln,7,light,1844.0000000000002
cXQqwEwIHUTYC3x6ESln,7,rem,866.25
cXQqwEwIHUTYC3x6ESln,7,wake,672.0
cXQqwEwIHUTYC3x6ESln,8,deep,1443.75
cXQqwEwIHUTYC3x6ESln,8,light,1484.2857142857144
cXQqwEwIHUTYC3x6ESln,8,rem,1465.0
cXQqwEwIHUTYC3x6ESln,8,wake,432.85714285714283
cXQqwEwIHUTYC3x6ESln,9,deep,1320.0
cXQqwEwIHUTYC3x6ESln,9,light,1890.0000000000002
cXQqwEwIHUTYC3x6ESln,9,rem,708.0
cXQqwEwIHUTYC3x6ESln,9,wake,395.45454545454544
cXQqwEwIHUTYC3x6ESln,10,deep,885.0
cXQqwEwIHUTYC3x6ESln,10,light,1759.9999999999998
cXQqwEwIHUTYC3x6ESln,10,rem,990.0
cXQqwEwIHUTYC3x6ESln,10,wake,608.18181818181824
cXQqwEwIHUTYC3x6ESln,11,deep,1185.0
cXQqwEwIHUTYC3x6ESln,11,light,1833.1578947368421
cXQqwEwIHUTYC3x6ESln,11,rem,960.0
cXQqwEwIHUTYC3x6ESln,11,wake,587.14285714285711
cXQqwEwIHUTYC3x6ESln,12,deep,1029.0
cXQqwEwIHUTYC3x6ESln,12,light,1526.25
cXQqwEwIHUTYC3x6ESln,12,rem,1090.0
cXQqwEwIHUTYC3x6ESln,12,wake,410.0
cXQqwEwIHUTYC3x6ESln,13,deep,1158.0
cXQqwEwIHUTYC3x6ESln,13,light,1699.090909090909
cXQqwEwIHUTYC3x6ESln,13,rem,1440.0
cXQqwEwIHUTYC3x6ESln,13,wake,624.0
cXQqwEwIHUTYC3x6ESln,14,light,2343.75
cXQqwEwIHUTYC3x6ESln,14,rem,607.5
cXQqwEwIHUTYC3x6ESln,14,wake,495.0
cXQqwEwIHUTYC3x6ESln,15,deep,1410.0
cXQqwEwIHUTYC3x6ESln,15,light,1975.0
cXQqwEwIHUTYC3x6ESln,15,rem,967.5
cXQqwEwIHUTYC3x6ESln,15,wake,420.0
cXQqwEwIHUTYC3x6ESln,16,deep,1515.0
cXQqwEwIHUTYC3x6ESln,16,light,1560.0
cXQqwEwIHUTYC3x6ESln,16,rem,420.0
cXQqwEwIHUTYC3x6ESln,16,wake,735.0
cXQqwEwIHUTYC3x6ESln,17,deep,720.0
cXQqwEwIHUTYC3x6ESln,17,light,2610.0
cXQqwEwIHUTYC3x6ESln,17,rem,400.0
cXQqwEwIHUTYC3x6ESln,17,wake,270.0
cXQqwEwIHUTYC3x6ESln,18,light,1930.0
cXQqwEwIHUTYC3x6ESln,18,rem,585.0
cXQqwEwIHUTYC3x6ESln,18,wake,960.0
cXQqwEwIHUTYC3x6ESln,19,deep,30.0
cXQqwEwIHUTYC3x6ESln,19,light,1685.0
cXQqwEwIHUTYC3x6ESln,19,rem,930.0
cXQqwEwIHUTYC3x6ESln,19,wake,450.0
cXQqwEwIHUTYC3x6ESln,20,deep,1600.0
cXQqwEwIHUTYC3x6ESln,20,light,1155.0
cXQqwEwIHUTYC3x6ESln,20,rem,360.0
cXQqwEwIHUTYC3x6ESln,20,wake,540.0
cXQqwEwIHUTYC3x6ESln,21,deep,1503.75
cXQqwEwIHUTYC3x6ESln,21,light,1931.6666666666667
cXQqwEwIHUTYC3x6ESln,21,rem,690.0
cXQqwEwIHUTYC3x6ESln,21,wake,410.0
cXQqwEwIHUTYC3x6ESln,22,deep,1157.6470588235295
cXQqwEwIHUTYC3x6ESln,22,light,2174.347826086957
cXQqwEwIHUTYC3x6ESln,22,rem,625.71428571428567
cXQqwEwIHUTYC3x6ESln,22,wake,527.5
cXQqwEwIHUTYC3x6ESln,23,deep,1362.0
cXQqwEwIHUTYC3x6ESln,23,light,1672.8000000000002
cXQqwEwIHUTYC3x6ESln,23,rem,1186.3636363636363
cXQqwEwIHUTYC3x6ESln,23,wake,591.42857142857144
eSFsS3zCT4ut8tyXi6k4,0,deep,1184.5454545454545
eSFsS3zCT4ut8tyXi6k4,0,light,1936.8421052631577
eSFsS3zCT4ut8tyXi6k4,0,rem,717.93103448275861
eSFsS3zCT4ut8tyXi6k4,0,wake,532.75862068965523
eSFsS3zCT4ut8tyXi6k4,1,deep,1148.0487804878051
eSFsS3zCT4ut8tyXi6k4,1,light,2016.5625000000005
eSFsS3zCT4ut8tyXi6k4,1,rem,810.810810810811
eSFsS3zCT4ut8tyXi6k4,1,wake,556.15384615384608
eSFsS3zCT4ut8tyXi6k4,2,deep,928.63636363636363
eSFsS3zCT4ut8tyXi6k4,2,light,1995.4687499999995
eSFsS3zCT4ut8tyXi6k4,2,rem,1013.7735849056603
eSFsS3zCT4ut8tyXi6k4,2,wake,623.07692307692309
eSFsS3zCT4ut8tyXi6k4,3,deep,950.25000000000011
eSFsS3zCT4ut8tyXi6k4,3,light,1923.8095238095236
eSFsS3zCT4ut8tyXi6k4,3,rem,1073.8888888888887
eSFsS3zCT4ut8tyXi6k4,3,wake,832.49999999999989
eSFsS3zCT4ut8tyXi6k4,4,deep,958.2352941176473
eSFsS3zCT4ut8tyXi6k4,4,light,2121.5625
eSFsS3zCT4ut8tyXi6k4,4,rem,959.33333333333326
eSFsS3zCT4ut8tyXi6k4,4,wake,638.07692307692309
eSFsS3zCT4ut8tyXi6k4,5,deep,1003.75
eSFsS3zCT4ut8tyXi6k4,5,light,1744.7619047619046
eSFsS3zCT4ut8tyXi6k4,5,rem,1309.2452830188674
eSFsS3zCT4ut8tyXi6k4,5,wake,730.43478260869563
eSFsS3zCT4ut8tyXi6k4,6,deep,727.14285714285711
eSFsS3zCT4ut8tyXi6k4,6,light,1888.9999999999995
eSFsS3zCT4ut8tyXi6k4,6,rem,1091.6666666666667
eSFsS3zCT4ut8tyXi6k4,6,wake,780.99999999999989
eSFsS3zCT4ut8tyXi6k4,7,deep,477.27272727272725
eSFsS3zCT4ut8tyXi6k4,7,light,1696.4150943396228
eSFsS3zCT4ut8tyXi6k4,7,rem,1060.8510638297876
eSFsS3zCT4ut8tyXi6k4,7,wake,620.0
eSFsS3zCT4ut8tyXi6k4,8,deep,215.0
eSFsS3zCT4ut8tyXi6k4,8,light,990.0
eSFsS3zCT4ut8tyXi6k4,8,rem,937.5
eSFsS3zCT4ut8tyXi6k4,8,wake,400.71428571428572
eSFsS3zCT4ut8tyXi6k4,9,deep,450.0
eSFsS3zCT4ut8tyXi6k4,9,light,1440.0
eSFsS3zCT4ut8tyXi6k4,9,rem,1710.0
eSFsS3zCT4ut8tyXi6k4,9,wake,210.0
eSFsS3zCT4ut8tyXi6k4,10,light,1635.0
eSFsS3zCT4ut8tyXi6k4,10,rem,780.0
eSFsS3zCT4ut8tyXi6k4,10,wake,690.0
eSFsS3zCT4ut8tyXi6k4,11,deep,270.0
eSFsS3zCT4ut8tyXi6k4,11,light,1110.0
eSFsS3zCT4ut8tyXi6k4,11,rem,1035.0
eSFsS3zCT4ut8tyXi6k4,11,wake,600.0
eSFsS3zCT4ut8tyXi6k4,12,deep,960.0
eSFsS3zCT4ut8tyXi6k4,12,light,2370.0
eSFsS3zCT4ut8tyXi6k4,12,rem,270.0
eSFsS3zCT4ut8tyXi6k4,13,deep,540.0
eSFsS3zCT4ut8tyXi6k4,13,light,1230.0
eSFsS3zCT4ut8tyXi6k4,13,rem,1680.0
eSFsS3zCT4ut8tyXi6k4,21,deep,120.0
eSFsS3zCT4ut8tyXi6k4,21,light,750.0
eSFsS3zCT4ut8tyXi6k4,21,wake,240.0
eSFsS3zCT4ut8tyXi6k4,22,deep,1480.0
eSFsS3zCT4ut8tyXi6k4,22,light,1390.0
eSFsS3zCT4ut8tyXi6k4,22,rem,390.0
eSFsS3zCT4ut8tyXi6k4,22,wake,420.0
eSFsS3zCT4ut8tyXi6k4,23,deep,1235.7142857142858
eSFsS3zCT4ut8tyXi6k4,23,light,1320.0
eSFsS3zCT4ut8tyXi6k4,23,rem,645.0
eSFsS3zCT4ut8tyXi6k4,23,wake,477.14285714285717
eu8A02K19NdVI9hISNwg,0,deep,694.73684210526312
eu8A02K19NdVI9hISNwg,0,light,1975.8333333333333
eu8A02K19NdVI9hISNwg,0,rem,652.5
eu8A02K19NdVI9hISNwg,0,wake,680.40000000000009
eu8A02K19NdVI9hISNwg,1,deep,852.22222222222217
eu8A02K19NdVI9hISNwg,1,light,2289.3750000000005
eu8A02K19NdVI9hISNwg,1,rem,558.46153846153845
eu8A02K19NdVI9hISNwg,1,wake,611.1111111111112
eu8A02K19NdVI9hISNwg,2,deep,708.46153846153845
eu8A02K19NdVI9hISNwg,2,light,2746.7999999999993
eu8A02K19NdVI9hISNwg,2,rem,592.0
eu8A02K19NdVI9hISNwg,2,wake,513.46153846153845
eu8A02K19NdVI9hISNwg,3,deep,810.00000000000011
eu8A02K19NdVI9hISNwg,3,light,2613.4615384615377
eu8A02K19NdVI9hISNwg,3,rem,678.26086956521749
eu8A02K19NdVI9hISNwg,3,wake,506.78571428571433
eu8A02K19NdVI9hISNwg,4,deep,873.33333333333326
eu8A02K19NdVI9hISNwg,4,light,2629.6153846153848
eu8A02K19NdVI9hISNwg,4,rem,723.21428571428555
eu8A02K19NdVI9hISNwg,4,wake,557.77777777777771
eu8A02K19NdVI9hISNwg,5,deep,758.18181818181813
eu8A02K19NdVI9hISNwg,5,light,2472.4528301886789
eu8A02K19NdVI9hISNwg,5,rem,831.72413793103453
eu8A02K19NdVI9hISNwg,5,wake,632.0
eu8A02K19NdVI9hISNwg,6,deep,825.78947368421052
eu8A02K19NdVI9hISNwg,6,light,2384.9999999999991
eu8A02K19NdVI9hISNwg,6,rem,710.29411764705878
eu8A02K19NdVI9hISNwg,6,wake,657.69230769230762
eu8A02K19NdVI9hISNwg,7,deep,600.0
eu8A02K19NdVI9hISNwg,7,light,2274.1304347826076
eu8A02K19NdVI9hISNwg,7,rem,560.357142857143
eu8A02K19NdVI9hISNwg,7,wake,490.34482758620686
eu8A02K19NdVI9hISNwg,8,deep,806.25
eu8A02K19NdVI9hISNwg,8,light,1518.2142857142856
eu8A02K19NdVI9hISNwg,8,rem,742.5
eu8A02K19NdVI9hISNwg,8,wake,474.37499999999994
eu8A02K19NdVI9hISNwg,9,deep,780.0
eu8A02K19NdVI9hISNwg,9,light,1458.0
eu8A02K19NdVI9hISNwg,9,rem,685.0
eu8A02K19NdVI9hISNwg,9,wake,487.5
eu8A02K19NdVI9hISNwg,10,light,1400.0
eu8A02K19NdVI9hISNwg,10,rem,900.0
eu8A02K19NdVI9hISNwg,18,deep,540.0
eu8A02K19NdVI9hISNwg,18,light,2070.0
eu8A02K19NdVI9hISNwg,18,wake,1620.0
eu8A02K19NdVI9hISNwg,19,deep,300.0
eu8A02K19NdVI9hISNwg,19,light,2610.0
eu8A02K19NdVI9hISNwg,19,rem,630.0
eu8A02K19NdVI9hISNwg,19,wake,1050.0
eu8A02K19NdVI9hISNwg,20,light,3495.0
eu8A02K19NdVI9hISNwg,20,rem,510.0
eu8A02K19NdVI9hISNwg,21,light,1518.0
eu8A02K19NdVI9hISNwg,21,rem,795.0
eu8A02K19NdVI9hISNwg,21,wake,1125.0
eu8A02K19NdVI9hISNwg,22,deep,630.0
eu8A02K19NdVI9hISNwg,22,light,1506.6666666666667
eu8A02K19NdVI9hISNwg,22,rem,1065.0
eu8A02K19NdVI9hISNwg,22,wake,711.42857142857144
eu8A02K19NdVI9hISNwg,23,deep,984.0
eu8A02K19NdVI9hISNwg,23,light,1794.2857142857142
eu8A02K19NdVI9hISNwg,23,rem,930.0
eu8A02K19NdVI9hISNwg,23,wake,693.529411764706
gQqdqi0cyd6QowISCMYe,0,deep,1117.0588235294124
gQqdqi0cyd6QowISCMYe,0,light,2032.5
gQqdqi0cyd6QowISCMYe,0,rem,915.48387096774184
gQqdqi0cyd6QowISCMYe,0,wake,510.00000000000006
gQqdqi0cyd6QowISCMYe,1,deep,1092.9729729729729
gQqdqi0cyd6QowISCMYe,1,light,2242.1538461538457
gQqdqi0cyd6QowISCMYe,1,rem,993.84615384615381
gQqdqi0cyd6QowISCMYe,1,wake,416.84210526315792
gQqdqi0cyd6QowISCMYe,2,deep,587.64705882352939
gQqdqi0cyd6QowISCMYe,2,light,2508.9230769230771
gQqdqi0cyd6QowISCMYe,2,rem,957.14285714285711
gQqdqi0cyd6QowISCMYe,2,wake,461.25
gQqdqi0cyd6QowISCMYe,3,deep,925.45454545454527
gQqdqi0cyd6QowISCMYe,3,light,2357.3437499999995
gQqdqi0cyd6QowISCMYe,3,rem,877.50000000000011
gQqdqi0cyd6QowISCMYe,3,wake,418.69565217391306
gQqdqi0cyd6QowISCMYe,4,deep,727.5
gQqdqi0cyd6QowISCMYe,4,light,2287.868852459017
gQqdqi0cyd6QowISCMYe,4,rem,843.52941176470574
gQqdqi0cyd6QowISCMYe,4,wake,631.57894736842093
gQqdqi0cyd6QowISCMYe,5,deep,975.0
gQqdqi0cyd6QowISCMYe,5,light,2029.9999999999998
gQqdqi0cyd6QowISCMYe,5,rem,906.20689655172407
gQqdqi0cyd6QowISCMYe,5,wake,551.11111111111109
gQqdqi0cyd6QowISCMYe,6,deep,492.0
gQqdqi0cyd6QowISCMYe,6,light,1191.4285714285716
gQqdqi0cyd6QowISCMYe,6,rem,470.0
gQqdqi0cyd6QowISCMYe,6,wake,445.0
gQqdqi0cyd6QowISCMYe,7,light,370.0
gQqdqi0cyd6QowISCMYe,7,rem,405.0
gQqdqi0cyd6QowISCMYe,7,wake,720.0
gQqdqi0cyd6QowISCMYe,20,deep,2400.0
gQqdqi0cyd6QowISCMYe,20,light,720.0
gQqdqi0cyd6QowISCMYe,21,deep,942.0
gQqdqi0cyd6QowISCMYe,21,light,1135.3846153846155
gQqdqi0cyd6QowISCMYe,21,wake,510.00000000000006
gQqdqi0cyd6QowISCMYe,22,deep,1351.4285714285713
gQqdqi0cyd6QowISCMYe,22,light,1649.1891891891892
gQqdqi0cyd6QowISCMYe,22,rem,840.0
gQqdqi0cyd6QowISCMYe,22,wake,465.88235294117646
gQqdqi0cyd6QowISCMYe,23,deep,920.62500000000023
gQqdqi0cyd6QowISCMYe,23,light,2166.8750000000005
gQqdqi0cyd6QowISCMYe,23,rem,901.76470588235293
gQqdqi0cyd6QowISCMYe,23,wake,473.33333333333331
k70sygMtUNxqzzcxJPoV,0,deep,1572.0000000000002
k70sygMtUNxqzzcxJPoV,0,light,1663.3333333333333
k70sygMtUNxqzzcxJPoV,0,rem,755.4545454545455
k70sygMtUNxqzzcxJPoV,0,wake,462.85714285714283
k70sygMtUNxqzzcxJPoV,1,deep,1530.0000000000002
k70sygMtUNxqzzcxJPoV,1,light,1719.2307692307693
k70sygMtUNxqzzcxJPoV,1,rem,937.89473684210543
k70sygMtUNxqzzcxJPoV,1,wake,418.23529411764707
k70sygMtUNxqzzcxJPoV,2,deep,1002.0000000000001
k70sygMtUNxqzzcxJPoV,2,light,2053.0769230769229
k70sygMtUNxqzzcxJPoV,2,rem,1086.2500000000002
k70sygMtUNxqzzcxJPoV,2,wake,511.66666666666657
k70sygMtUNxqzzcxJPoV,3,deep,904.090909090909
k70sygMtUNxqzzcxJPoV,3,light,2187.6923076923085
k70sygMtUNxqzzcxJPoV,3,rem,818.88888888888891
k70sygMtUNxqzzcxJPoV,3,wake,503.07692307692309
k70sygMtUNxqzzcxJPoV,4,deep,901.5
k70sygMtUNxqzzcxJPoV,4,light,2083.4210526315787
k70sygMtUNxqzzcxJPoV,4,rem,1145.217391304348
k70sygMtUNxqzzcxJPoV,4,wake,766.36363636363637
k70sygMtUNxqzzcxJPoV,5,deep,738.0
k70sygMtUNxqzzcxJPoV,5,light,2222.3076923076924
k70sygMtUNxqzzcxJPoV,5,rem,959.03225806451621
k70sygMtUNxqzzcxJPoV,5,wake,488.5714285714285
k70sygMtUNxqzzcxJPoV,6,deep,908.18181818181824
k70sygMtUNxqzzcxJPoV,6,light,1873.421052631579
k70sygMtUNxqzzcxJPoV,6,rem,1370.9090909090914
k70sygMtUNxqzzcxJPoV,6,wake,470.52631578947364
k70sygMtUNxqzzcxJPoV,7,deep,491.25
k70sygMtUNxqzzcxJPoV,7,light,1490.6249999999998
k70sygMtUNxqzzcxJPoV,7,rem,1110.0
k70sygMtUNxqzzcxJPoV,7,wake,492.63157894736838
k70sygMtUNxqzzcxJPoV,8,deep,350.0
k70sygMtUNxqzzcxJPoV,8,light,1386.0
k70sygMtUNxqzzcxJPoV,8,rem,1060.909090909091
k70sygMtUNxqzzcxJPoV,8,wake,380.0
k70sygMtUNxqzzcxJPoV,9,deep,840.0
k70sygMtUNxqzzcxJPoV,9,light,1050.0
k70sygMtUNxqzzcxJPoV,9,rem,1170.0
k70sygMtUNxqzzcxJPoV,9,wake,348.0
k70sygMtUNxqzzcxJPoV,10,light,930.0
k70sygMtUNxqzzcxJPoV,10,rem,570.0
k70sygMtUNxqzzcxJPoV,10,wake,360.0
k70sygMtUNxqzzcxJPoV,22,deep,240.0
k70sygMtUNxqzzcxJPoV,22,wake,240.0
k70sygMtUNxqzzcxJPoV,23,deep,1085.0
k70sygMtUNxqzzcxJPoV,23,light,745.49999999999989
k70sygMtUNxqzzcxJPoV,23,wake,343.63636363636363
kAHdVVh3apB1b7IxFEQI,0,deep,660.0
kAHdVVh3apB1b7IxFEQI,0,light,2940.0
kAHdVVh3apB1b7IxFEQI,1,deep,1800.0
kAHdVVh3apB1b7IxFEQI,1,light,1800.0
kAHdVVh3apB1b7IxFEQI,2,light,1980.0
kAHdVVh3apB1b7IxFEQI,2,rem,1620.0
kAHdVVh3apB1b7IxFEQI,3,light,2850.0
kAHdVVh3apB1b7IxFEQI,3,rem,750.0
kAHdVVh3apB1b7IxFEQI,4,rem,3600.0
kAHdVVh3apB1b7IxFEQI,5,light,1980.0
kAHdVVh3apB1b7IxFEQI,5,rem,1200.0
kAHdVVh3apB1b7IxFEQI,5,wake,420.0
kAHdVVh3apB1b7IxFEQI,6,light,1470.0
kAHdVVh3apB1b7IxFEQI,6,wake,660.0
kAHdVVh3apB1b7IxFEQI,23,deep,2820.0
kAHdVVh3apB1b7IxFEQI,23,light,120.0
kAHdVVh3apB1b7IxFEQI,23,wake,420.0
lzpjy5BrssoDpOqbdefi,0,deep,1387.5
lzpjy5BrssoDpOqbdefi,0,light,1348.8
lzpjy5BrssoDpOqbdefi,0,rem,578.18181818181824
lzpjy5BrssoDpOqbdefi,0,wake,526.0
lzpjy5BrssoDpOqbdefi,1,deep,1383.846153846154
lzpjy5BrssoDpOqbdefi,1,light,1264.0909090909092
lzpjy5BrssoDpOqbdefi,1,rem,1180.0
lzpjy5BrssoDpOqbdefi,1,wake,473.07692307692309
lzpjy5BrssoDpOqbdefi,2,deep,1403.7500000000005
lzpjy5BrssoDpOqbdefi,2,light,1627.0909090909092
lzpjy5BrssoDpOqbdefi,2,rem,764.21052631578937
lzpjy5BrssoDpOqbdefi,2,wake,500.86956521739131
lzpjy5BrssoDpOqbdefi,3,deep,1277.25
lzpjy5BrssoDpOqbdefi,3,light,1745.5000000000002
lzpjy5BrssoDpOqbdefi,3,rem,938.918918918919
lzpjy5BrssoDpOqbdefi,3,wake,498.46153846153851
lzpjy5BrssoDpOqbdefi,4,deep,1002.0
lzpjy5BrssoDpOqbdefi,4,light,2228.5
lzpjy5BrssoDpOqbdefi,4,rem,1047.073170731707
lzpjy5BrssoDpOqbdefi,4,wake,442.85714285714289
lzpjy5BrssoDpOqbdefi,5,deep,838.23529411764707
lzpjy5BrssoDpOqbdefi,5,light,2288.6440677966098
lzpjy5BrssoDpOqbdefi,5,rem,1215.75
lzpjy5BrssoDpOqbdefi,5,wake,548.181818181818
lzpjy5BrssoDpOqbdefi,6,deep,949.28571428571433
lzpjy5BrssoDpOqbdefi,6,light,1998.0
lzpjy5BrssoDpOqbdefi,6,rem,1170.0000000000005
lzpjy5BrssoDpOqbdefi,6,wake,493.23529411764707
lzpjy5BrssoDpOqbdefi,7,deep,738.75
lzpjy5BrssoDpOqbdefi,7,light,1825.5319148936167
lzpjy5BrssoDpOqbdefi,7,rem,1225.0
lzpjy5BrssoDpOqbdefi,7,wake,437.77777777777783
lzpjy5BrssoDpOqbdefi,8,deep,1300.0
lzpjy5BrssoDpOqbdefi,8,light,1490.5714285714282
lzpjy5BrssoDpOqbdefi,8,rem,1368.2142857142856
lzpjy5BrssoDpOqbdefi,8,wake,530.0
lzpjy5BrssoDpOqbdefi,9,light,942.85714285714278
lzpjy5BrssoDpOqbdefi,9,rem,947.5
lzpjy5BrssoDpOqbdefi,9,wake,575.4545454545455
lzpjy5BrssoDpOqbdefi,10,deep,120.0
lzpjy5BrssoDpOqbdefi,10,rem,180.0
lzpjy5BrssoDpOqbdefi,10,wake,750.0
lzpjy5BrssoDpOqbdefi,12,deep,1800.0
lzpjy5BrssoDpOqbdefi,12,light,1290.0
lzpjy5BrssoDpOqbdefi,12,wake,150.0
lzpjy5BrssoDpOqbdefi,13,deep,260.0
lzpjy5BrssoDpOqbdefi,13,light,2010.0
lzpjy5BrssoDpOqbdefi,13,rem,900.0
lzpjy5BrssoDpOqbdefi,13,wake,90.0
lzpjy5BrssoDpOqbdefi,14,deep,1395.0
lzpjy5BrssoDpOqbdefi,14,light,1970.0
lzpjy5BrssoDpOqbdefi,14,rem,1620.0
lzpjy5BrssoDpOqbdefi,14,wake,480.0
lzpjy5BrssoDpOqbdefi,15,deep,600.0
lzpjy5BrssoDpOqbdefi,15,light,1910.0
lzpjy5BrssoDpOqbdefi,15,rem,1000.0
lzpjy5BrssoDpOqbdefi,15,wake,225.0
lzpjy5BrssoDpOqbdefi,16,deep,750.0
lzpjy5BrssoDpOqbdefi,16,light,1720.0
lzpjy5BrssoDpOqbdefi,16,wake,270.0
lzpjy5BrssoDpOqbdefi,17,deep,1290.0
lzpjy5BrssoDpOqbdefi,17,light,2010.0
lzpjy5BrssoDpOqbdefi,17,wake,300.0
lzpjy5BrssoDpOqbdefi,18,deep,450.0
lzpjy5BrssoDpOqbdefi,18,light,2070.0
lzpjy5BrssoDpOqbdefi,18,rem,1080.0
lzpjy5BrssoDpOqbdefi,19,light,900.0
lzpjy5BrssoDpOqbdefi,19,wake,2070.0
lzpjy5BrssoDpOqbdefi,20,light,1620.0
lzpjy5BrssoDpOqbdefi,20,wake,450.0
lzpjy5BrssoDpOqbdefi,21,deep,670.0
lzpjy5BrssoDpOqbdefi,21,light,810.0
lzpjy5BrssoDpOqbdefi,21,wake,975.0
lzpjy5BrssoDpOqbdefi,22,deep,1470.0
lzpjy5BrssoDpOqbdefi,22,light,1545.0
lzpjy5BrssoDpOqbdefi,22,wake,637.5
lzpjy5BrssoDpOqbdefi,23,deep,843.75
lzpjy5BrssoDpOqbdefi,23,light,1444.6153846153845
lzpjy5BrssoDpOqbdefi,23,rem,600.0
lzpjy5BrssoDpOqbdefi,23,wake,483.0
n7y2Jw4TEEHXX3LFTTbC,0,deep,1032.3529411764705
n7y2Jw4TEEHXX3LFTTbC,0,light,1977.8571428571431
n7y2Jw4TEEHXX3LFTTbC,0,rem,930.0
n7y2Jw4TEEHXX3LFTTbC,0,wake,795.0
n7y2Jw4TEEHXX3LFTTbC,1,deep,1105.7142857142858
n7y2Jw4TEEHXX3LFTTbC,1,light,2408.7096774193551
n7y2Jw4TEEHXX3LFTTbC,1,rem,444.0
n7y2Jw4TEEHXX3LFTTbC,1,wake,1132.5
n7y2Jw4TEEHXX3LFTTbC,2,deep,949.090909090909
n7y2Jw4TEEHXX3LFTTbC,2,light,2210.625
n7y2Jw4TEEHXX3LFTTbC,2,rem,1365.0
n7y2Jw4TEEHXX3LFTTbC,2,wake,618.75
n7y2Jw4TEEHXX3LFTTbC,3,deep,889.09090909090912
n7y2Jw4TEEHXX3LFTTbC,3,light,2229.70588235294
n7y2Jw4TEEHXX3LFTTbC,3,rem,1242.3529411764705
n7y2Jw4TEEHXX3LFTTbC,3,wake,817.5
n7y2Jw4TEEHXX3LFTTbC,4,deep,858.75
n7y2Jw4TEEHXX3LFTTbC,4,light,2262.9999999999995
n7y2Jw4TEEHXX3LFTTbC,4,rem,1052.7272727272727
n7y2Jw4TEEHXX3LFTTbC,4,wake,1954.2857142857142
n7y2Jw4TEEHXX3LFTTbC,5,deep,730.0
n7y2Jw4TEEHXX3LFTTbC,5,light,1838.0
n7y2Jw4TEEHXX3LFTTbC,5,rem,1668.75
n7y2Jw4TEEHXX3LFTTbC,5,wake,970.90909090909088
n7y2Jw4TEEHXX3LFTTbC,6,deep,420.0
n7y2Jw4TEEHXX3LFTTbC,6,light,1958.8888888888889
n7y2Jw4TEEHXX3LFTTbC,6,rem,1368.0
n7y2Jw4TEEHXX3LFTTbC,6,wake,945.0
n7y2Jw4TEEHXX3LFTTbC,7,deep,1020.0
n7y2Jw4TEEHXX3LFTTbC,7,light,1459.090909090909
n7y2Jw4TEEHXX3LFTTbC,7,rem,1651.7647058823529
n7y2Jw4TEEHXX3LFTTbC,7,wake,911.25
n7y2Jw4TEEHXX3LFTTbC,8,light,1168.0
n7y2Jw4TEEHXX3LFTTbC,8,rem,1353.0
n7y2Jw4TEEHXX3LFTTbC,8,wake,450.0
n7y2Jw4TEEHXX3LFTTbC,9,light,540.0
n7y2Jw4TEEHXX3LFTTbC,9,rem,1125.0
n7y2Jw4TEEHXX3LFTTbC,9,wake,270.0
n7y2Jw4TEEHXX3LFTTbC,21,light,450.0
n7y2Jw4TEEHXX3LFTTbC,21,wake,240.0
n7y2Jw4TEEHXX3LFTTbC,22,deep,470.0
n7y2Jw4TEEHXX3LFTTbC,22,light,736.66666666666663
n7y2Jw4TEEHXX3LFTTbC,22,wake,1312.5
n7y2Jw4TEEHXX3LFTTbC,23,deep,1510.0
n7y2Jw4TEEHXX3LFTTbC,23,light,1616.8421052631579
n7y2Jw4TEEHXX3LFTTbC,23,rem,1110.0
n7y2Jw4TEEHXX3LFTTbC,23,wake,702.00000000000011
nxzATvdfwQozwIKgrYZT,0,deep,1643.0769230769231
nxzATvdfwQozwIKgrYZT,0,light,2011.818181818182
nxzATvdfwQozwIKgrYZT,0,rem,1050.0
nxzATvdfwQozwIKgrYZT,0,wake,688.125
nxzATvdfwQozwIKgrYZT,1,deep,1387.741935483871
nxzATvdfwQozwIKgrYZT,1,light,1872.7500000000005
nxzATvdfwQozwIKgrYZT,1,rem,1104.0
nxzATvdfwQozwIKgrYZT,1,wake,546.42857142857144
nxzATvdfwQozwIKgrYZT,2,deep,1580.0
nxzATvdfwQozwIKgrYZT,2,light,2259.5121951219503
nxzATvdfwQozwIKgrYZT,2,rem,1018.6363636363635
nxzATvdfwQozwIKgrYZT,2,wake,742.5
nxzATvdfwQozwIKgrYZT,3,deep,980.0
nxzATvdfwQozwIKgrYZT,3,light,2464.0000000000005
nxzATvdfwQozwIKgrYZT,3,rem,1309.5000000000005
nxzATvdfwQozwIKgrYZT,3,wake,473.33333333333331
nxzATvdfwQozwIKgrYZT,4,deep,1470.0
nxzATvdfwQozwIKgrYZT,4,light,2266.5957446808516
nxzATvdfwQozwIKgrYZT,4,rem,1200.0
nxzATvdfwQozwIKgrYZT,4,wake,651.42857142857144
nxzATvdfwQozwIKgrYZT,5,deep,856.87500000000011
nxzATvdfwQozwIKgrYZT,5,light,2145.31914893617
nxzATvdfwQozwIKgrYZT,5,rem,1245.3846153846155
nxzATvdfwQozwIKgrYZT,5,wake,429.23076923076917
nxzATvdfwQozwIKgrYZT,6,deep,883.33333333333337
nxzATvdfwQozwIKgrYZT,6,light,2240.0
nxzATvdfwQozwIKgrYZT,6,rem,1349.9999999999998
nxzATvdfwQozwIKgrYZT,6,wake,555.0
nxzATvdfwQozwIKgrYZT,7,deep,955.71428571428567
nxzATvdfwQozwIKgrYZT,7,light,1811.875
nxzATvdfwQozwIKgrYZT,7,rem,1429.7368421052631
nxzATvdfwQozwIKgrYZT,7,wake,865.55555555555543
nxzATvdfwQozwIKgrYZT,8,deep,1050.0
nxzATvdfwQozwIKgrYZT,8,light,1712.0454545454547
nxzATvdfwQozwIKgrYZT,8,rem,1406.4705882352939
nxzATvdfwQozwIKgrYZT,8,wake,697.0
nxzATvdfwQozwIKgrYZT,9,deep,730.0
nxzATvdfwQozwIKgrYZT,9,light,2253.3333333333335
nxzATvdfwQozwIKgrYZT,9,rem,982.17391304347836
nxzATvdfwQozwIKgrYZT,9,wake,692.72727272727263
nxzATvdfwQozwIKgrYZT,10,deep,660.0
nxzATvdfwQozwIKgrYZT,10,light,1846.8
nxzATvdfwQozwIKgrYZT,10,rem,1143.0
nxzATvdfwQozwIKgrYZT,10,wake,733.63636363636363
nxzATvdfwQozwIKgrYZT,11,deep,360.0
nxzATvdfwQozwIKgrYZT,11,light,1625.0
nxzATvdfwQozwIKgrYZT,11,rem,912.85714285714278
nxzATvdfwQozwIKgrYZT,11,wake,780.0
nxzATvdfwQozwIKgrYZT,12,deep,1350.0
nxzATvdfwQozwIKgrYZT,12,light,1396.6666666666667
nxzATvdfwQozwIKgrYZT,12,rem,1680.0
nxzATvdfwQozwIKgrYZT,12,wake,573.75
nxzATvdfwQozwIKgrYZT,13,deep,450.0
nxzATvdfwQozwIKgrYZT,13,light,1430.0
nxzATvdfwQozwIKgrYZT,13,rem,1155.0
nxzATvdfwQozwIKgrYZT,13,wake,585.0
nxzATvdfwQozwIKgrYZT,14,deep,360.0
nxzATvdfwQozwIKgrYZT,14,light,2230.0
nxzATvdfwQozwIKgrYZT,14,rem,2250.0
nxzATvdfwQozwIKgrYZT,14,wake,540.0
nxzATvdfwQozwIKgrYZT,15,deep,1560.0
nxzATvdfwQozwIKgrYZT,15,light,1440.0
nxzATvdfwQozwIKgrYZT,15,rem,870.0
nxzATvdfwQozwIKgrYZT,15,wake,652.5
nxzATvdfwQozwIKgrYZT,16,deep,1365.0
nxzATvdfwQozwIKgrYZT,16,light,1995.0
nxzATvdfwQozwIKgrYZT,16,rem,590.0
nxzATvdfwQozwIKgrYZT,16,wake,720.0
nxzATvdfwQozwIKgrYZT,17,deep,3600.0
nxzATvdfwQozwIKgrYZT,17,light,2688.0
nxzATvdfwQozwIKgrYZT,17,rem,670.0
nxzATvdfwQozwIKgrYZT,17,wake,500.0
nxzATvdfwQozwIKgrYZT,18,deep,1650.0
nxzATvdfwQozwIKgrYZT,18,light,2175.0
nxzATvdfwQozwIKgrYZT,18,rem,660.0
nxzATvdfwQozwIKgrYZT,18,wake,667.5
nxzATvdfwQozwIKgrYZT,19,deep,1065.0
nxzATvdfwQozwIKgrYZT,19,light,2632.5
nxzATvdfwQozwIKgrYZT,19,rem,570.0
nxzATvdfwQozwIKgrYZT,19,wake,585.0
nxzATvdfwQozwIKgrYZT,20,deep,720.0
nxzATvdfwQozwIKgrYZT,20,light,1905.0
nxzATvdfwQozwIKgrYZT,20,rem,300.0
nxzATvdfwQozwIKgrYZT,20,wake,1165.0
nxzATvdfwQozwIKgrYZT,21,deep,1653.75
nxzATvdfwQozwIKgrYZT,21,light,1460.0
nxzATvdfwQozwIKgrYZT,21,rem,270.0
nxzATvdfwQozwIKgrYZT,21,wake,788.57142857142856
nxzATvdfwQozwIKgrYZT,22,deep,1088.5714285714287
nxzATvdfwQozwIKgrYZT,22,light,1267.5
nxzATvdfwQozwIKgrYZT,22,wake,1080.0
nxzATvdfwQozwIKgrYZT,23,deep,1482.5000000000002
nxzATvdfwQozwIKgrYZT,23,light,1446.25
nxzATvdfwQozwIKgrYZT,23,wake,805.71428571428567
oTRgfIq5kzMZWSKOA7gP,0,light,810.0
oTRgfIq5kzMZWSKOA7gP,0,wake,180.0
oTRgfIq5kzMZWSKOA7gP,1,deep,1327.5
oTRgfIq5kzMZWSKOA7gP,1,light,890.0
oTRgfIq5kzMZWSKOA7gP,1,rem,1050.0
oTRgfIq5kzMZWSKOA7gP,1,wake,520.0
oTRgfIq5kzMZWSKOA7gP,2,deep,964.61538461538464
oTRgfIq5kzMZWSKOA7gP,2,light,1275.8823529411766
oTRgfIq5kzMZWSKOA7gP,2,rem,555.0
oTRgfIq5kzMZWSKOA7gP,2,wake,639.99999999999989
oTRgfIq5kzMZWSKOA7gP,3,deep,1232.7272727272727
oTRgfIq5kzMZWSKOA7gP,3,light,1374.375
oTRgfIq5kzMZWSKOA7gP,3,rem,912.49999999999989
oTRgfIq5kzMZWSKOA7gP,3,wake,703.125
oTRgfIq5kzMZWSKOA7gP,4,deep,978.15789473684208
oTRgfIq5kzMZWSKOA7gP,4,light,1770.612244897959
oTRgfIq5kzMZWSKOA7gP,4,rem,767.72727272727275
oTRgfIq5kzMZWSKOA7gP,4,wake,733.5
oTRgfIq5kzMZWSKOA7gP,5,deep,1020.8571428571427
oTRgfIq5kzMZWSKOA7gP,5,light,2088.6206896551716
oTRgfIq5kzMZWSKOA7gP,5,rem,778.46153846153823
oTRgfIq5kzMZWSKOA7gP,5,wake,488.82352941176464
oTRgfIq5kzMZWSKOA7gP,6,deep,1010.0000000000002
oTRgfIq5kzMZWSKOA7gP,6,light,2043.5593220338981
oTRgfIq5kzMZWSKOA7gP,6,rem,1060.0
oTRgfIq5kzMZWSKOA7gP,6,wake,518.33333333333337
oTRgfIq5kzMZWSKOA7gP,7,deep,1097.3076923076924
oTRgfIq5kzMZWSKOA7gP,7,light,2011.0169491525428
oTRgfIq5kzMZWSKOA7gP,7,rem,892.666666666667
oTRgfIq5kzMZWSKOA7gP,7,wake,609.37500000000011
oTRgfIq5kzMZWSKOA7gP,8,deep,716.25
oTRgfIq5kzMZWSKOA7gP,8,light,2204.3749999999991
oTRgfIq5kzMZWSKOA7gP,8,rem,826.49999999999989
oTRgfIq5kzMZWSKOA7gP,8,wake,785.45454545454538
oTRgfIq5kzMZWSKOA7gP,9,deep,538.125
oTRgfIq5kzMZWSKOA7gP,9,light,2143.9534883720921
oTRgfIq5kzMZWSKOA7gP,9,rem,835.8620689655171
oTRgfIq5kzMZWSKOA7gP,9,wake,745.5
oTRgfIq5kzMZWSKOA7gP,10,deep,994.28571428571433
oTRgfIq5kzMZWSKOA7gP,10,light,2274.1935483870966
oTRgfIq5kzMZWSKOA7gP,10,rem,762.63157894736844
oTRgfIq5kzMZWSKOA7gP,10,wake,835.71428571428578
oTRgfIq5kzMZWSKOA7gP,11,deep,577.5
oTRgfIq5kzMZWSKOA7gP,11,light,2052.6923076923076
oTRgfIq5kzMZWSKOA7gP,11,rem,1132.4999999999998
oTRgfIq5kzMZWSKOA7gP,11,wake,769.41176470588232
oTRgfIq5kzMZWSKOA7gP,12,deep,310.0
oTRgfIq5kzMZWSKOA7gP,12,light,2036.6666666666667
oTRgfIq5kzMZWSKOA7gP,12,rem,943.63636363636363
oTRgfIq5kzMZWSKOA7gP,12,wake,720.0
oTRgfIq5kzMZWSKOA7gP,13,deep,585.0
oTRgfIq5kzMZWSKOA7gP,13,light,2446.6666666666665
oTRgfIq5kzMZWSKOA7gP,13,rem,968.57142857142856
oTRgfIq5kzMZWSKOA7gP,13,wake,336.0
oTRgfIq5kzMZWSKOA7gP,14,deep,960.0
oTRgfIq5kzMZWSKOA7gP,14,light,1845.0
oTRgfIq5kzMZWSKOA7gP,14,rem,560.0
oTRgfIq5kzMZWSKOA7gP,14,wake,744.0
oTRgfIq5kzMZWSKOA7gP,15,light,285.0
oTRgfIq5kzMZWSKOA7gP,15,rem,300.0
oTRgfIq5kzMZWSKOA7gP,15,wake,660.0
oageyXcGFYKSnyZGwVmS,0,deep,1078.6363636363637
oageyXcGFYKSnyZGwVmS,0,light,2225.869565217391
oageyXcGFYKSnyZGwVmS,0,rem,660.0
oageyXcGFYKSnyZGwVmS,0,wake,601.875
oageyXcGFYKSnyZGwVmS,1,deep,785.4545454545455
oageyXcGFYKSnyZGwVmS,1,light,2489.4736842105272
oageyXcGFYKSnyZGwVmS,1,rem,645.78947368421052
oageyXcGFYKSnyZGwVmS,1,wake,551.47058823529414
oageyXcGFYKSnyZGwVmS,2,deep,995.76923076923072
oageyXcGFYKSnyZGwVmS,2,light,2370.9999999999995
oageyXcGFYKSnyZGwVmS,2,rem,868.0645161290322
oageyXcGFYKSnyZGwVmS,2,wake,527.58620689655186
oageyXcGFYKSnyZGwVmS,3,deep,1266.9230769230769
oageyXcGFYKSnyZGwVmS,3,light,1979.0322580645166
oageyXcGFYKSnyZGwVmS,3,rem,1151.25
oageyXcGFYKSnyZGwVmS,3,wake,443.79310344827582
oageyXcGFYKSnyZGwVmS,4,deep,1193.0769230769233
oageyXcGFYKSnyZGwVmS,4,light,1944.6774193548385
oageyXcGFYKSnyZGwVmS,4,rem,1085.1428571428573
oageyXcGFYKSnyZGwVmS,4,wake,624.23076923076917
oageyXcGFYKSnyZGwVmS,5,deep,970.3448275862072
oageyXcGFYKSnyZGwVmS,5,light,1978.4999999999998
oageyXcGFYKSnyZGwVmS,5,rem,1370.2325581395348
oageyXcGFYKSnyZGwVmS,5,wake,553.20000000000016
oageyXcGFYKSnyZGwVmS,6,deep,726.0
oageyXcGFYKSnyZGwVmS,6,light,2277.9661016949144
oageyXcGFYKSnyZGwVmS,6,rem,1092.1621621621621
oageyXcGFYKSnyZGwVmS,6,wake,844.28571428571433
oageyXcGFYKSnyZGwVmS,7,deep,851.25
oageyXcGFYKSnyZGwVmS,7,light,1585.0000000000005
oageyXcGFYKSnyZGwVmS,7,rem,981.11111111111086
oageyXcGFYKSnyZGwVmS,7,wake,353.47826086956525
oageyXcGFYKSnyZGwVmS,8,deep,300.0
oageyXcGFYKSnyZGwVmS,8,light,1221.0
oageyXcGFYKSnyZGwVmS,8,rem,985.71428571428578
oageyXcGFYKSnyZGwVmS,8,wake,300.0
oageyXcGFYKSnyZGwVmS,9,light,60.0
oageyXcGFYKSnyZGwVmS,22,deep,1095.0
oageyXcGFYKSnyZGwVmS,22,light,290.0
oageyXcGFYKSnyZGwVmS,22,wake,470.0
oageyXcGFYKSnyZGwVmS,23,deep,635.625
oageyXcGFYKSnyZGwVmS,23,light,1184.4444444444446
oageyXcGFYKSnyZGwVmS,23,rem,390.0
oageyXcGFYKSnyZGwVmS,23,wake,808.00000000000011
oo4LXfWtioyFbeePXsJm,0,deep,762.0
oo4LXfWtioyFbeePXsJm,0,light,2216.6666666666665
oo4LXfWtioyFbeePXsJm,0,rem,860.76923076923072
oo4LXfWtioyFbeePXsJm,0,wake,875.0
oo4LXfWtioyFbeePXsJm,1,deep,881.66666666666674
oo4LXfWtioyFbeePXsJm,1,light,2011.0344827586207
oo4LXfWtioyFbeePXsJm,1,rem,1173.5294117647059
oo4LXfWtioyFbeePXsJm,1,wake,470.625
oo4LXfWtioyFbeePXsJm,2,deep,697.5
oo4LXfWtioyFbeePXsJm,2,light,2317.2413793103447
oo4LXfWtioyFbeePXsJm,2,rem,1286.8421052631579
oo4LXfWtioyFbeePXsJm,2,wake,438.0
oo4LXfWtioyFbeePXsJm,3,deep,875.625
oo4LXfWtioyFbeePXsJm,3,light,2296.5517241379307
oo4LXfWtioyFbeePXsJm,3,rem,728.82352941176475
oo4LXfWtioyFbeePXsJm,3,wake,490.58823529411762
oo4LXfWtioyFbeePXsJm,4,deep,575.4545454545455
oo4LXfWtioyFbeePXsJm,4,light,2198.8888888888882
oo4LXfWtioyFbeePXsJm,4,rem,991.66666666666663
oo4LXfWtioyFbeePXsJm,4,wake,510.0
oo4LXfWtioyFbeePXsJm,5,deep,1029.2307692307693
oo4LXfWtioyFbeePXsJm,5,light,1639.5652173913043
oo4LXfWtioyFbeePXsJm,5,rem,1229.9999999999998
oo4LXfWtioyFbeePXsJm,5,wake,307.5
oo4LXfWtioyFbeePXsJm,6,deep,702.0
oo4LXfWtioyFbeePXsJm,6,light,1756.6666666666665
oo4LXfWtioyFbeePXsJm,6,rem,1043.0769230769231
oo4LXfWtioyFbeePXsJm,6,wake,565.0
oo4LXfWtioyFbeePXsJm,7,deep,438.0
oo4LXfWtioyFbeePXsJm,7,light,902.5
oo4LXfWtioyFbeePXsJm,7,rem,1614.0
oo4LXfWtioyFbeePXsJm,7,wake,625.0
oo4LXfWtioyFbeePXsJm,8,deep,440.0
oo4LXfWtioyFbeePXsJm,8,light,2712.8571428571427
oo4LXfWtioyFbeePXsJm,8,wake,382.5
oo4LXfWtioyFbeePXsJm,9,deep,727.5
oo4LXfWtioyFbeePXsJm,9,light,2147.1428571428573
oo4LXfWtioyFbeePXsJm,9,rem,935.0
oo4LXfWtioyFbeePXsJm,9,wake,550.0
oo4LXfWtioyFbeePXsJm,10,deep,1080.0
oo4LXfWtioyFbeePXsJm,10,light,1740.0
oo4LXfWtioyFbeePXsJm,10,rem,1338.0
oo4LXfWtioyFbeePXsJm,10,wake,315.0
oo4LXfWtioyFbeePXsJm,11,deep,1110.0
oo4LXfWtioyFbeePXsJm,11,light,2358.0
oo4LXfWtioyFbeePXsJm,11,rem,1080.0
oo4LXfWtioyFbeePXsJm,11,wake,465.0
oo4LXfWtioyFbeePXsJm,12,deep,675.0
oo4LXfWtioyFbeePXsJm,12,light,1470.0
oo4LXfWtioyFbeePXsJm,12,rem,495.0
oo4LXfWtioyFbeePXsJm,12,wake,440.0
oo4LXfWtioyFbeePXsJm,13,deep,1080.0
oo4LXfWtioyFbeePXsJm,13,light,630.0
oo4LXfWtioyFbeePXsJm,21,light,1935.0
oo4LXfWtioyFbeePXsJm,22,deep,960.0
oo4LXfWtioyFbeePXsJm,22,light,1704.0
oo4LXfWtioyFbeePXsJm,22,rem,915.0
oo4LXfWtioyFbeePXsJm,22,wake,360.0
oo4LXfWtioyFbeePXsJm,23,deep,756.0
oo4LXfWtioyFbeePXsJm,23,light,1503.0
oo4LXfWtioyFbeePXsJm,23,rem,1110.0
oo4LXfWtioyFbeePXsJm,23,wake,618.75
pLVNGLsQBtGyQwo99cJG,0,deep,1143.9473684210527
pLVNGLsQBtGyQwo99cJG,0,light,2038.0000000000002
pLVNGLsQBtGyQwo99cJG,0,rem,676.15384615384608
pLVNGLsQBtGyQwo99cJG,0,wake,534.5454545454545
pLVNGLsQBtGyQwo99cJG,1,deep,1057.0588235294119
pLVNGLsQBtGyQwo99cJG,1,light,2006.0655737704917
pLVNGLsQBtGyQwo99cJG,1,rem,1145.2173913043478
pLVNGLsQBtGyQwo99cJG,1,wake,446.39999999999992
pLVNGLsQBtGyQwo99cJG,2,deep,926.59090909090912
pLVNGLsQBtGyQwo99cJG,2,light,1892.8571428571427
pLVNGLsQBtGyQwo99cJG,2,rem,1116.1111111111113
pLVNGLsQBtGyQwo99cJG,2,wake,325.0
pLVNGLsQBtGyQwo99cJG,3,deep,796.87499999999989
pLVNGLsQBtGyQwo99cJG,3,light,1955.714285714286
pLVNGLsQBtGyQwo99cJG,3,rem,1351.6981132075471
pLVNGLsQBtGyQwo99cJG,3,wake,358.33333333333331
pLVNGLsQBtGyQwo99cJG,4,deep,708.0
pLVNGLsQBtGyQwo99cJG,4,light,1775.714285714286
pLVNGLsQBtGyQwo99cJG,4,rem,1468.0327868852455
pLVNGLsQBtGyQwo99cJG,4,wake,364.73684210526312
pLVNGLsQBtGyQwo99cJG,5,deep,683.57142857142856
pLVNGLsQBtGyQwo99cJG,5,light,1388.1250000000002
pLVNGLsQBtGyQwo99cJG,5,rem,1207.2972972972973
pLVNGLsQBtGyQwo99cJG,5,wake,472.79999999999995
pLVNGLsQBtGyQwo99cJG,6,light,1736.25
pLVNGLsQBtGyQwo99cJG,6,rem,1445.0
pLVNGLsQBtGyQwo99cJG,6,wake,564.0
pLVNGLsQBtGyQwo99cJG,7,deep,480.0
pLVNGLsQBtGyQwo99cJG,7,light,1458.0
pLVNGLsQBtGyQwo99cJG,7,rem,1494.0
pLVNGLsQBtGyQwo99cJG,7,wake,1365.0
pLVNGLsQBtGyQwo99cJG,8,deep,1590.0
pLVNGLsQBtGyQwo99cJG,8,light,1170.0
pLVNGLsQBtGyQwo99cJG,8,rem,1035.0
pLVNGLsQBtGyQwo99cJG,8,wake,390.0
pLVNGLsQBtGyQwo99cJG,9,light,1650.0
pLVNGLsQBtGyQwo99cJG,9,rem,630.0
pLVNGLsQBtGyQwo99cJG,20,deep,1260.0
pLVNGLsQBtGyQwo99cJG,20,light,1150.0
pLVNGLsQBtGyQwo99cJG,20,wake,330.0
pLVNGLsQBtGyQwo99cJG,21,deep,415.0
pLVNGLsQBtGyQwo99cJG,21,light,1100.0
pLVNGLsQBtGyQwo99cJG,21,rem,690.0
pLVNGLsQBtGyQwo99cJG,21,wake,543.75
pLVNGLsQBtGyQwo99cJG,22,deep,1196.6666666666667
pLVNGLsQBtGyQwo99cJG,22,light,1165.0
pLVNGLsQBtGyQwo99cJG,22,rem,490.0
pLVNGLsQBtGyQwo99cJG,22,wake,578.918918918919
pLVNGLsQBtGyQwo99cJG,23,deep,1258.604651162791
pLVNGLsQBtGyQwo99cJG,23,light,1790.8928571428569
pLVNGLsQBtGyQwo99cJG,23,rem,717.27272727272725
pLVNGLsQBtGyQwo99cJG,23,wake,566.99999999999955
sILWMetHezvT76YfI1G5,0,deep,1417.6923076923076
sILWMetHezvT76YfI1G5,0,light,1684.5283018867924
sILWMetHezvT76YfI1G5,0,rem,895.263157894737
sILWMetHezvT76YfI1G5,0,wake,528.75
sILWMetHezvT76YfI1G5,1,deep,1456.875
sILWMetHezvT76YfI1G5,1,light,2052.2222222222222
sILWMetHezvT76YfI1G5,1,rem,734.63414634146352
sILWMetHezvT76YfI1G5,1,wake,427.5
sILWMetHezvT76YfI1G5,2,deep,836.36363636363637
sILWMetHezvT76YfI1G5,2,light,2190.5555555555557
sILWMetHezvT76YfI1G5,2,rem,953.57142857142878
sILWMetHezvT76YfI1G5,2,wake,423.0
sILWMetHezvT76YfI1G5,3,deep,853.44827586206907
sILWMetHezvT76YfI1G5,3,light,1996.1111111111115
sILWMetHezvT76YfI1G5,3,rem,1057.7999999999997
sILWMetHezvT76YfI1G5,3,wake,598.0
sILWMetHezvT76YfI1G5,4,deep,954.54545454545439
sILWMetHezvT76YfI1G5,4,light,2292.2222222222222
sILWMetHezvT76YfI1G5,4,rem,1050.6250000000002
sILWMetHezvT76YfI1G5,4,wake,412.10526315789474
sILWMetHezvT76YfI1G5,5,deep,860.0
sILWMetHezvT76YfI1G5,5,light,1779.6226415094341
sILWMetHezvT76YfI1G5,5,rem,1225.0000000000005
sILWMetHezvT76YfI1G5,5,wake,327.14285714285717
sILWMetHezvT76YfI1G5,6,deep,517.5
sILWMetHezvT76YfI1G5,6,light,1512.0000000000002
sILWMetHezvT76YfI1G5,6,rem,1333.5483870967741
sILWMetHezvT76YfI1G5,6,wake,515.625
sILWMetHezvT76YfI1G5,7,deep,990.0
sILWMetHezvT76YfI1G5,7,light,1725.0
sILWMetHezvT76YfI1G5,7,rem,1075.7142857142858
sILWMetHezvT76YfI1G5,7,wake,333.0
sILWMetHezvT76YfI1G5,8,light,1455.0
sILWMetHezvT76YfI1G5,8,rem,917.14285714285711
sILWMetHezvT76YfI1G5,8,wake,610.0
sILWMetHezvT76YfI1G5,9,deep,450.0
sILWMetHezvT76YfI1G5,9,light,1110.0
sILWMetHezvT76YfI1G5,9,rem,1200.0
sILWMetHezvT76YfI1G5,9,wake,1545.0
sILWMetHezvT76YfI1G5,10,deep,1350.0
sILWMetHezvT76YfI1G5,10,light,1980.0
sILWMetHezvT76YfI1G5,10,rem,270.0
sILWMetHezvT76YfI1G5,11,deep,420.0
sILWMetHezvT76YfI1G5,11,light,120.0
sILWMetHezvT76YfI1G5,11,wake,1590.0
sILWMetHezvT76YfI1G5,19,deep,1320.0
sILWMetHezvT76YfI1G5,19,light,1200.0
sILWMetHezvT76YfI1G5,20,deep,474.0
sILWMetHezvT76YfI1G5,20,light,820.0
sILWMetHezvT76YfI1G5,20,rem,660.0
sILWMetHezvT76YfI1G5,20,wake,672.0
sILWMetHezvT76YfI1G5,21,deep,1143.3333333333333
sILWMetHezvT76YfI1G5,21,light,1353.1034482758621
sILWMetHezvT76YfI1G5,21,rem,472.5
sILWMetHezvT76YfI1G5,21,wake,585.0
sILWMetHezvT76YfI1G5,22,deep,1715.2941176470588
sILWMetHezvT76YfI1G5,22,light,1487.25
sILWMetHezvT76YfI1G5,22,rem,475.38461538461536
sILWMetHezvT76YfI1G5,22,wake,518.33333333333326
sILWMetHezvT76YfI1G5,23,deep,1364.6808510638298
sILWMetHezvT76YfI1G5,23,light,1514.9999999999998
sILWMetHezvT76YfI1G5,23,rem,746.66666666666674
sILWMetHezvT76YfI1G5,23,wake,506.12903225806446
sQ2Liyz6oglVZwmXUpqD,0,deep,720.0
sQ2Liyz6oglVZwmXUpqD,0,light,1885.3846153846155
sQ2Liyz6oglVZwmXUpqD,0,rem,1187.1428571428571
sQ2Liyz6oglVZwmXUpqD,0,wake,924.0
sQ2Liyz6oglVZwmXUpqD,1,deep,1294.4444444444443
sQ2Liyz6oglVZwmXUpqD,1,light,1770.0
sQ2Liyz6oglVZwmXUpqD,1,rem,616.0
sQ2Liyz6oglVZwmXUpqD,1,wake,699.47368421052624
sQ2Liyz6oglVZwmXUpqD,2,deep,991.81818181818176
sQ2Liyz6oglVZwmXUpqD,2,light,2036.7391304347823
sQ2Liyz6oglVZwmXUpqD,2,rem,873.46153846153845
sQ2Liyz6oglVZwmXUpqD,2,wake,400.0
sQ2Liyz6oglVZwmXUpqD,3,deep,1244.0624999999998
sQ2Liyz6oglVZwmXUpqD,3,light,2129.3749999999995
sQ2Liyz6oglVZwmXUpqD,3,rem,652.49999999999989
sQ2Liyz6oglVZwmXUpqD,3,wake,660.0
sQ2Liyz6oglVZwmXUpqD,4,deep,877.82608695652175
sQ2Liyz6oglVZwmXUpqD,4,light,2274.4897959183681
sQ2Liyz6oglVZwmXUpqD,4,rem,838.23529411764684
sQ2Liyz6oglVZwmXUpqD,4,wake,706.95652173913049
sQ2Liyz6oglVZwmXUpqD,5,deep,900.0
sQ2Liyz6oglVZwmXUpqD,5,light,2216.9387755102043
sQ2Liyz6oglVZwmXUpqD,5,rem,1126.363636363636
sQ2Liyz6oglVZwmXUpqD,5,wake,627.85714285714289
sQ2Liyz6oglVZwmXUpqD,6,deep,612.0
sQ2Liyz6oglVZwmXUpqD,6,light,1335.0
sQ2Liyz6oglVZwmXUpqD,6,rem,796.99999999999989
sQ2Liyz6oglVZwmXUpqD,6,wake,543.63636363636363
sQ2Liyz6oglVZwmXUpqD,7,deep,720.0
sQ2Liyz6oglVZwmXUpqD,7,light,2138.1818181818185
sQ2Liyz6oglVZwmXUpqD,7,rem,528.75
sQ2Liyz6oglVZwmXUpqD,7,wake,556.66666666666663
sQ2Liyz6oglVZwmXUpqD,8,light,1776.0
sQ2Liyz6oglVZwmXUpqD,8,rem,1132.5
sQ2Liyz6oglVZwmXUpqD,8,wake,525.0
sQ2Liyz6oglVZwmXUpqD,9,deep,1050.0
sQ2Liyz6oglVZwmXUpqD,9,light,1230.0
sQ2Liyz6oglVZwmXUpqD,9,rem,1860.0
sQ2Liyz6oglVZwmXUpqD,9,wake,810.0
sQ2Liyz6oglVZwmXUpqD,10,light,360.0
sQ2Liyz6oglVZwmXUpqD,10,wake,1170.0
sQ2Liyz6oglVZwmXUpqD,11,light,1560.0
sQ2Liyz6oglVZwmXUpqD,11,rem,1620.0
sQ2Liyz6oglVZwmXUpqD,11,wake,360.0
sQ2Liyz6oglVZwmXUpqD,12,light,2490.0
sQ2Liyz6oglVZwmXUpqD,12,rem,1110.0
sQ2Liyz6oglVZwmXUpqD,13,deep,870.0
sQ2Liyz6oglVZwmXUpqD,13,light,2550.0
sQ2Liyz6oglVZwmXUpqD,13,wake,180.0
sQ2Liyz6oglVZwmXUpqD,14,light,735.0
sQ2Liyz6oglVZwmXUpqD,14,wake,510.0
sQ2Liyz6oglVZwmXUpqD,15,deep,1245.0
sQ2Liyz6oglVZwmXUpqD,15,light,645.0
sQ2Liyz6oglVZwmXUpqD,15,rem,1380.0
sQ2Liyz6oglVZwmXUpqD,15,wake,570.0
sQ2Liyz6oglVZwmXUpqD,16,deep,900.0
sQ2Liyz6oglVZwmXUpqD,16,light,1965.0
sQ2Liyz6oglVZwmXUpqD,16,rem,1080.0
sQ2Liyz6oglVZwmXUpqD,16,wake,210.0
sQ2Liyz6oglVZwmXUpqD,17,light,3600.0
sQ2Liyz6oglVZwmXUpqD,18,deep,1110.0
sQ2Liyz6oglVZwmXUpqD,18,light,1020.0
sQ2Liyz6oglVZwmXUpqD,18,rem,810.0
sQ2Liyz6oglVZwmXUpqD,18,wake,900.0
sQ2Liyz6oglVZwmXUpqD,19,deep,1230.0
sQ2Liyz6oglVZwmXUpqD,19,light,1950.0
sQ2Liyz6oglVZwmXUpqD,19,rem,420.0
sQ2Liyz6oglVZwmXUpqD,20,deep,1470.0
sQ2Liyz6oglVZwmXUpqD,20,light,1500.0
sQ2Liyz6oglVZwmXUpqD,20,wake,630.0
sQ2Liyz6oglVZwmXUpqD,21,deep,810.0
sQ2Liyz6oglVZwmXUpqD,21,light,1770.0
sQ2Liyz6oglVZwmXUpqD,21,wake,240.0
sQ2Liyz6oglVZwmXUpqD,22,deep,480.0
sQ2Liyz6oglVZwmXUpqD,22,light,1242.8571428571429
sQ2Liyz6oglVZwmXUpqD,22,rem,375.0
sQ2Liyz6oglVZwmXUpqD,22,wake,1080.0
sQ2Liyz6oglVZwmXUpqD,23,deep,1425.0
sQ2Liyz6oglVZwmXUpqD,23,light,1830.0
sQ2Liyz6oglVZwmXUpqD,23,rem,648.0
sQ2Liyz6oglVZwmXUpqD,23,wake,786.0
tpSv5cFNAuAZocpVjtRq,0,wake,90.0
tpSv5cFNAuAZocpVjtRq,1,deep,570.0
tpSv5cFNAuAZocpVjtRq,1,light,1272.0
tpSv5cFNAuAZocpVjtRq,1,rem,150.0
tpSv5cFNAuAZocpVjtRq,1,wake,210.0
tpSv5cFNAuAZocpVjtRq,2,deep,960.0
tpSv5cFNAuAZocpVjtRq,2,light,1992.0
tpSv5cFNAuAZocpVjtRq,2,rem,648.0
tpSv5cFNAuAZocpVjtRq,3,deep,1020.0
tpSv5cFNAuAZocpVjtRq,3,light,1512.0
tpSv5cFNAuAZocpVjtRq,3,rem,1374.0
tpSv5cFNAuAZocpVjtRq,3,wake,510.0
tpSv5cFNAuAZocpVjtRq,4,deep,885.0
tpSv5cFNAuAZocpVjtRq,4,light,2130.0
tpSv5cFNAuAZocpVjtRq,4,rem,1116.0
tpSv5cFNAuAZocpVjtRq,5,deep,450.0
tpSv5cFNAuAZocpVjtRq,5,light,2322.0
tpSv5cFNAuAZocpVjtRq,5,rem,1057.5
tpSv5cFNAuAZocpVjtRq,5,wake,360.0
tpSv5cFNAuAZocpVjtRq,6,deep,2220.0
tpSv5cFNAuAZocpVjtRq,6,light,1566.0
tpSv5cFNAuAZocpVjtRq,6,rem,1494.0
tpSv5cFNAuAZocpVjtRq,6,wake,240.0
tpSv5cFNAuAZocpVjtRq,7,light,1750.0
tpSv5cFNAuAZocpVjtRq,7,rem,660.0
tpSv5cFNAuAZocpVjtRq,7,wake,1040.0
tpSv5cFNAuAZocpVjtRq,8,light,120.0
tpSv5cFNAuAZocpVjtRq,8,wake,690.0
uZniV5j84lqkhauqzW0H,0,deep,1328.5714285714287
uZniV5j84lqkhauqzW0H,0,light,1339.6875000000002
uZniV5j84lqkhauqzW0H,0,rem,1274.9999999999998
uZniV5j84lqkhauqzW0H,0,wake,502.5
uZniV5j84lqkhauqzW0H,1,deep,1094.5714285714287
uZniV5j84lqkhauqzW0H,1,light,1558.0
uZniV5j84lqkhauqzW0H,1,rem,1097.7777777777778
uZniV5j84lqkhauqzW0H,1,wake,519.0
uZniV5j84lqkhauqzW0H,2,deep,1188.0000000000002
uZniV5j84lqkhauqzW0H,2,light,1823.4545454545453
uZniV5j84lqkhauqzW0H,2,rem,1232.3076923076922
uZniV5j84lqkhauqzW0H,2,wake,658.8
uZniV5j84lqkhauqzW0H,3,deep,1053.7500000000002
uZniV5j84lqkhauqzW0H,3,light,1851.3559322033896
uZniV5j84lqkhauqzW0H,3,rem,1457.6923076923078
uZniV5j84lqkhauqzW0H,3,wake,417.85714285714289
uZniV5j84lqkhauqzW0H,4,deep,1161.8181818181818
uZniV5j84lqkhauqzW0H,4,light,1869.9999999999998
uZniV5j84lqkhauqzW0H,4,rem,1114.1999999999998
uZniV5j84lqkhauqzW0H,4,wake,395.0
uZniV5j84lqkhauqzW0H,5,deep,973.44827586206907
uZniV5j84lqkhauqzW0H,5,light,1805.5932203389825
uZniV5j84lqkhauqzW0H,5,rem,1300.408163265306
uZniV5j84lqkhauqzW0H,5,wake,462.63157894736838
uZniV5j84lqkhauqzW0H,6,deep,1102.5
uZniV5j84lqkhauqzW0H,6,light,2041.6363636363635
uZniV5j84lqkhauqzW0H,6,rem,1078.0434782608697
uZniV5j84lqkhauqzW0H,6,wake,365.76923076923083
uZniV5j84lqkhauqzW0H,7,deep,773.33333333333337
uZniV5j84lqkhauqzW0H,7,light,1871.0869565217392
uZniV5j84lqkhauqzW0H,7,rem,1044.3749999999998
uZniV5j84lqkhauqzW0H,7,wake,663.46153846153845
uZniV5j84lqkhauqzW0H,8,deep,810.0
uZniV5j84lqkhauqzW0H,8,light,1247.7777777777776
uZniV5j84lqkhauqzW0H,8,rem,905.4545454545455
uZniV5j84lqkhauqzW0H,8,wake,631.36363636363626
uZniV5j84lqkhauqzW0H,9,deep,360.0
uZniV5j84lqkhauqzW0H,9,light,2357.1428571428573
uZniV5j84lqkhauqzW0H,9,rem,940.0
uZniV5j84lqkhauqzW0H,9,wake,600.0
uZniV5j84lqkhauqzW0H,10,light,960.0
uZniV5j84lqkhauqzW0H,10,rem,705.0
uZniV5j84lqkhauqzW0H,10,wake,354.0
uZniV5j84lqkhauqzW0H,11,light,3150.0
uZniV5j84lqkhauqzW0H,11,wake,450.0
uZniV5j84lqkhauqzW0H,12,light,1650.0
uZniV5j84lqkhauqzW0H,12,rem,1710.0
uZniV5j84lqkhauqzW0H,12,wake,240.0
uZniV5j84lqkhauqzW0H,13,light,1080.0
uZniV5j84lqkhauqzW0H,13,wake,300.0
uZniV5j84lqkhauqzW0H,20,light,690.0
uZniV5j84lqkhauqzW0H,20,wake,690.0
uZniV5j84lqkhauqzW0H,21,deep,1410.0
uZniV5j84lqkhauqzW0H,21,light,930.0
uZniV5j84lqkhauqzW0H,21,wake,1170.0
uZniV5j84lqkhauqzW0H,22,deep,2010.0
uZniV5j84lqkhauqzW0H,22,light,693.33333333333337
uZniV5j84lqkhauqzW0H,22,rem,1020.0
uZniV5j84lqkhauqzW0H,22,wake,672.0
uZniV5j84lqkhauqzW0H,23,deep,1058.5714285714284
uZniV5j84lqkhauqzW0H,23,light,1480.0
uZniV5j84lqkhauqzW0H,23,rem,1020.0
uZniV5j84lqkhauqzW0H,23,wake,363.0
vVQnOm7RwTNWbpMB7IgN,0,deep,843.33333333333337
vVQnOm7RwTNWbpMB7IgN,0,light,1158.5714285714287
vVQnOm7RwTNWbpMB7IgN,0,rem,1264.2857142857142
vVQnOm7RwTNWbpMB7IgN,0,wake,547.5
vVQnOm7RwTNWbpMB7IgN,1,deep,1138.8888888888889
vVQnOm7RwTNWbpMB7IgN,1,light,1202.6470588235295
vVQnOm7RwTNWbpMB7IgN,1,rem,1329.9999999999998
vVQnOm7RwTNWbpMB7IgN,1,wake,450.0
vVQnOm7RwTNWbpMB7IgN,2,deep,875.99999999999977
vVQnOm7RwTNWbpMB7IgN,2,light,1605.6521739130442
vVQnOm7RwTNWbpMB7IgN,2,rem,1357.5
vVQnOm7RwTNWbpMB7IgN,2,wake,418.0
vVQnOm7RwTNWbpMB7IgN,3,deep,965.52631578947387
vVQnOm7RwTNWbpMB7IgN,3,light,1687.0909090909088
vVQnOm7RwTNWbpMB7IgN,3,rem,1415.0
vVQnOm7RwTNWbpMB7IgN,3,wake,466.15384615384619
vVQnOm7RwTNWbpMB7IgN,4,deep,1223.8235294117646
vVQnOm7RwTNWbpMB7IgN,4,light,1830.5263157894738
vVQnOm7RwTNWbpMB7IgN,4,rem,1252.8947368421052
vVQnOm7RwTNWbpMB7IgN,4,wake,577.05882352941171
vVQnOm7RwTNWbpMB7IgN,5,deep,767.14285714285711
vVQnOm7RwTNWbpMB7IgN,5,light,1984.0677966101694
vVQnOm7RwTNWbpMB7IgN,5,rem,1312.5000000000005
vVQnOm7RwTNWbpMB7IgN,5,wake,463.33333333333331
vVQnOm7RwTNWbpMB7IgN,6,deep,793.63636363636374
vVQnOm7RwTNWbpMB7IgN,6,light,1881.9642857142858
vVQnOm7RwTNWbpMB7IgN,6,rem,1199.9999999999998
vVQnOm7RwTNWbpMB7IgN,6,wake,785.29411764705867
vVQnOm7RwTNWbpMB7IgN,7,deep,840.0
vVQnOm7RwTNWbpMB7IgN,7,light,1623.8888888888894
vVQnOm7RwTNWbpMB7IgN,7,rem,1070.9302325581398
vVQnOm7RwTNWbpMB7IgN,7,wake,861.31578947368439
vVQnOm7RwTNWbpMB7IgN,8,deep,996.31578947368416
vVQnOm7RwTNWbpMB7IgN,8,light,1507.6744186046512
vVQnOm7RwTNWbpMB7IgN,8,rem,1390.909090909091
vVQnOm7RwTNWbpMB7IgN,8,wake,525.6521739130435
vVQnOm7RwTNWbpMB7IgN,9,deep,956.66666666666663
vVQnOm7RwTNWbpMB7IgN,9,light,1585.0
vVQnOm7RwTNWbpMB7IgN,9,rem,1138.2352941176473
vVQnOm7RwTNWbpMB7IgN,9,wake,486.66666666666669
vVQnOm7RwTNWbpMB7IgN,10,deep,600.0
vVQnOm7RwTNWbpMB7IgN,10,light,1262.0
vVQnOm7RwTNWbpMB7IgN,10,rem,1140.0
vVQnOm7RwTNWbpMB7IgN,10,wake,355.71428571428572
vVQnOm7RwTNWbpMB7IgN,11,deep,60.0
vVQnOm7RwTNWbpMB7IgN,11,light,1480.0
vVQnOm7RwTNWbpMB7IgN,11,rem,630.0
vVQnOm7RwTNWbpMB7IgN,11,wake,60.0
vVQnOm7RwTNWbpMB7IgN,19,wake,570.0
vVQnOm7RwTNWbpMB7IgN,20,deep,1170.0
vVQnOm7RwTNWbpMB7IgN,20,light,1980.0
vVQnOm7RwTNWbpMB7IgN,20,wake,450.0
vVQnOm7RwTNWbpMB7IgN,21,light,150.0
vVQnOm7RwTNWbpMB7IgN,21,rem,3450.0
vVQnOm7RwTNWbpMB7IgN,22,deep,1110.0
vVQnOm7RwTNWbpMB7IgN,22,light,580.0
vVQnOm7RwTNWbpMB7IgN,22,rem,120.0
vVQnOm7RwTNWbpMB7IgN,22,wake,310.0
vVQnOm7RwTNWbpMB7IgN,23,deep,1620.0
vVQnOm7RwTNWbpMB7IgN,23,light,667.5
vVQnOm7RwTNWbpMB7IgN,23,rem,810.0
vVQnOm7RwTNWbpMB7IgN,23,wake,264.0
xmUwv4ktqWcxfGu9kjwC,0,deep,1830.0
xmUwv4ktqWcxfGu9kjwC,0,light,978.75
xmUwv4ktqWcxfGu9kjwC,0,wake,535.0
xmUwv4ktqWcxfGu9kjwC,1,deep,1210.0
xmUwv4ktqWcxfGu9kjwC,1,light,1690.5882352941176
xmUwv4ktqWcxfGu9kjwC,1,rem,1170.0
xmUwv4ktqWcxfGu9kjwC,1,wake,459.0
xmUwv4ktqWcxfGu9kjwC,2,deep,630.0
xmUwv4ktqWcxfGu9kjwC,2,light,2236.95652173913
xmUwv4ktqWcxfGu9kjwC,2,rem,1010.0
xmUwv4ktqWcxfGu9kjwC,2,wake,578.0
xmUwv4ktqWcxfGu9kjwC,3,deep,906.92307692307691
xmUwv4ktqWcxfGu9kjwC,3,light,2300.3225806451615
xmUwv4ktqWcxfGu9kjwC,3,rem,670.0
xmUwv4ktqWcxfGu9kjwC,3,wake,706.0
xmUwv4ktqWcxfGu9kjwC,4,deep,836.47058823529414
xmUwv4ktqWcxfGu9kjwC,4,light,2242.4999999999995
xmUwv4ktqWcxfGu9kjwC,4,rem,956.842105263158
xmUwv4ktqWcxfGu9kjwC,4,wake,464.28571428571428
xmUwv4ktqWcxfGu9kjwC,5,deep,838.57142857142867
xmUwv4ktqWcxfGu9kjwC,5,light,2448.1578947368416
xmUwv4ktqWcxfGu9kjwC,5,rem,801.42857142857133
xmUwv4ktqWcxfGu9kjwC,5,wake,493.84615384615387
xmUwv4ktqWcxfGu9kjwC,6,deep,850.71428571428567
xmUwv4ktqWcxfGu9kjwC,6,light,2171.8421052631579
xmUwv4ktqWcxfGu9kjwC,6,rem,1160.6896551724139
xmUwv4ktqWcxfGu9kjwC,6,wake,444.375
xmUwv4ktqWcxfGu9kjwC,7,deep,897.0
xmUwv4ktqWcxfGu9kjwC,7,light,2157.6923076923076
xmUwv4ktqWcxfGu9kjwC,7,rem,966.42857142857144
xmUwv4ktqWcxfGu9kjwC,7,wake,498.75
xmUwv4ktqWcxfGu9kjwC,8,deep,878.82352941176475
xmUwv4ktqWcxfGu9kjwC,8,light,2266.2162162162163
xmUwv4ktqWcxfGu9kjwC,8,rem,875.80645161290329
xmUwv4ktqWcxfGu9kjwC,8,wake,439.28571428571428
xmUwv4ktqWcxfGu9kjwC,9,deep,420.0
xmUwv4ktqWcxfGu9kjwC,9,light,2066.6666666666674
xmUwv4ktqWcxfGu9kjwC,9,rem,823.84615384615392
xmUwv4ktqWcxfGu9kjwC,9,wake,813.75000000000011
xmUwv4ktqWcxfGu9kjwC,10,deep,1377.2727272727273
xmUwv4ktqWcxfGu9kjwC,10,light,1635.0
xmUwv4ktqWcxfGu9kjwC,10,rem,1067.6470588235295
xmUwv4ktqWcxfGu9kjwC,10,wake,553.84615384615381
xmUwv4ktqWcxfGu9kjwC,11,deep,780.0
xmUwv4ktqWcxfGu9kjwC,11,light,1790.5263157894738
xmUwv4ktqWcxfGu9kjwC,11,rem,918.46153846153845
xmUwv4ktqWcxfGu9kjwC,11,wake,1167.8571428571429
xmUwv4ktqWcxfGu9kjwC,12,deep,540.0
xmUwv4ktqWcxfGu9kjwC,12,light,1476.9230769230769
xmUwv4ktqWcxfGu9kjwC,12,rem,1251.0
xmUwv4ktqWcxfGu9kjwC,12,wake,814.61538461538464
xmUwv4ktqWcxfGu9kjwC,13,deep,1275.0
xmUwv4ktqWcxfGu9kjwC,13,light,1066.6666666666667
xmUwv4ktqWcxfGu9kjwC,13,rem,865.0
xmUwv4ktqWcxfGu9kjwC,13,wake,762.0
xmUwv4ktqWcxfGu9kjwC,14,deep,1410.0
xmUwv4ktqWcxfGu9kjwC,14,light,920.0
xmUwv4ktqWcxfGu9kjwC,14,rem,1530.0
xmUwv4ktqWcxfGu9kjwC,14,wake,765.0
xmUwv4ktqWcxfGu9kjwC,15,light,1230.0
xmUwv4ktqWcxfGu9kjwC,15,wake,330.0
xmUwv4ktqWcxfGu9kjwC,23,deep,360.0
xmUwv4ktqWcxfGu9kjwC,23,light,1500.0
xmUwv4ktqWcxfGu9kjwC,23,wake,720.0
yzEyOooxIdiVzKFPNnMM,0,deep,1697.1428571428573
yzEyOooxIdiVzKFPNnMM,0,light,1217.0588235294117
yzEyOooxIdiVzKFPNnMM,0,rem,408.75
yzEyOooxIdiVzKFPNnMM,0,wake,576.0
yzEyOooxIdiVzKFPNnMM,1,deep,1357.3170731707312
yzEyOooxIdiVzKFPNnMM,1,light,2137.8947368421045
yzEyOooxIdiVzKFPNnMM,1,rem,642.0
yzEyOooxIdiVzKFPNnMM,1,wake,517.5
yzEyOooxIdiVzKFPNnMM,2,deep,1227.7777777777778
yzEyOooxIdiVzKFPNnMM,2,light,2280.0000000000009
yzEyOooxIdiVzKFPNnMM,2,rem,932.64705882352939
yzEyOooxIdiVzKFPNnMM,2,wake,460.38461538461542
yzEyOooxIdiVzKFPNnMM,3,deep,1100.0
yzEyOooxIdiVzKFPNnMM,3,light,2371.0169491525417
yzEyOooxIdiVzKFPNnMM,3,rem,817.85714285714289
yzEyOooxIdiVzKFPNnMM,3,wake,490.00000000000006
yzEyOooxIdiVzKFPNnMM,4,deep,931.49999999999989
yzEyOooxIdiVzKFPNnMM,4,light,2181.8644067796617
yzEyOooxIdiVzKFPNnMM,4,rem,1150.4651162790694
yzEyOooxIdiVzKFPNnMM,4,wake,475.16129032258061
yzEyOooxIdiVzKFPNnMM,5,deep,1186.3636363636363
yzEyOooxIdiVzKFPNnMM,5,light,2104.7368421052624
yzEyOooxIdiVzKFPNnMM,5,rem,1141.3333333333337
yzEyOooxIdiVzKFPNnMM,5,wake,596.57142857142856
yzEyOooxIdiVzKFPNnMM,6,deep,625.0
yzEyOooxIdiVzKFPNnMM,6,light,1283.8888888888889
yzEyOooxIdiVzKFPNnMM,6,rem,1262.6470588235293
yzEyOooxIdiVzKFPNnMM,6,wake,1055.1219512195121
yzEyOooxIdiVzKFPNnMM,7,deep,345.0
yzEyOooxIdiVzKFPNnMM,7,light,1440.0
yzEyOooxIdiVzKFPNnMM,7,rem,1350.0
yzEyOooxIdiVzKFPNnMM,7,wake,805.71428571428567
yzEyOooxIdiVzKFPNnMM,8,light,1030.0
yzEyOooxIdiVzKFPNnMM,8,rem,1030.0
yzEyOooxIdiVzKFPNnMM,8,wake,697.5
yzEyOooxIdiVzKFPNnMM,21,light,600.0
yzEyOooxIdiVzKFPNnMM,21,wake,1110.0
yzEyOooxIdiVzKFPNnMM,22,deep,622.5
yzEyOooxIdiVzKFPNnMM,22,light,1130.0
yzEyOooxIdiVzKFPNnMM,22,wake,315.0
yzEyOooxIdiVzKFPNnMM,23,deep,918.75
yzEyOooxIdiVzKFPNnMM,23,light,1257.1428571428576
yzEyOooxIdiVzKFPNnMM,23,rem,690.0
yzEyOooxIdiVzKFPNnMM,23,wake,426.66666666666663