id,hour_of_day,mean_hourly_steps
1eJjxpj6WiCJ4FUdaWCw,0,0.8
1eJjxpj6WiCJ4FUdaWCw,1,3.54
1eJjxpj6WiCJ4FUdaWCw,2,3.23
1eJjxpj6WiCJ4FUdaWCw,3,4.65
1eJjxpj6WiCJ4FUdaWCw,4,11.22
1eJjxpj6WiCJ4FUdaWCw,5,15.46
1eJjxpj6WiCJ4FUdaWCw,6,16.66
1eJjxpj6WiCJ4FUdaWCw,7,670.94
1eJjxpj6WiCJ4FUdaWCw,8,235.34
1eJjxpj6WiCJ4FUdaWCw,9,330.45
1eJjxpj6WiCJ4FUdaWCw,10,1351.09
1eJjxpj6WiCJ4FUdaWCw,11,235.43
1eJjxpj6WiCJ4FUdaWCw,12,329.68
1eJjxpj6WiCJ4FUdaWCw,13,595.54
1eJjxpj6WiCJ4FUdaWCw,14,1627.63
1eJjxpj6WiCJ4FUdaWCw,15,2781.51
1eJjxpj6WiCJ4FUdaWCw,16,1070.62
1eJjxpj6WiCJ4FUdaWCw,17,583.94
1eJjxpj6WiCJ4FUdaWCw,18,380.83
1eJjxpj6WiCJ4FUdaWCw,19,571.2
1eJjxpj6WiCJ4FUdaWCw,20,214.28
1eJjxpj6WiCJ4FUdaWCw,21,158.92
1eJjxpj6WiCJ4FUdaWCw,22,245.48
1eJjxpj6WiCJ4FUdaWCw,23,176.95
2MhXEYkWOJLoUbTQ2oOe,0,20.78
2MhXEYkWOJLoUbTQ2oOe,1,19.34
2MhXEYkWOJLoUbTQ2oOe,2,10.32
2MhXEYkWOJLoUbTQ2oOe,3,13.28
2MhXEYkWOJLoUbTQ2oOe,4,9.83
2MhXEYkWOJLoUbTQ2oOe,5,9.54
2MhXEYkWOJLoUbTQ2oOe,6,26.17
2MhXEYkWOJLoUbTQ2oOe,7,43.08
2MhXEYkWOJLoUbTQ2oOe,8,96.86
2MhXEYkWOJLoUbTQ2oOe,9,362.17
2MhXEYkWOJLoUbTQ2oOe,10,408.71
2MhXEYkWOJLoUbTQ2oOe,11,368.62
2MhXEYkWOJLoUbTQ2oOe,12,548.28
2MhXEYkWOJLoUbTQ2oOe,13,841.28
2MhXEYkWOJLoUbTQ2oOe,14,733.26
2MhXEYkWOJLoUbTQ2oOe,15,705.03
2MhXEYkWOJLoUbTQ2oOe,16,524.4
2MhXEYkWOJLoUbTQ2oOe,17,604.63
2MhXEYkWOJLoUbTQ2oOe,18,443.12
2MhXEYkWOJLoUbTQ2oOe,19,435.49
2MhXEYkWOJLoUbTQ2oOe,20,427.62
2MhXEYkWOJLoUbTQ2oOe,21,241.12
2MhXEYkWOJLoUbTQ2oOe,22,101.68
2MhXEYkWOJLoUbTQ2oOe,23,43.78
6kVHCR22SGLsK4YC0YeM,0,0.22
6kVHCR22SGLsK4YC0YeM,1,0.12
6kVHCR22SGLsK4YC0YeM,2,0.09
6kVHCR22SGLsK4YC0YeM,3,0.77
6kVHCR22SGLsK4YC0YeM,4,0.52
6kVHCR22SGLsK4YC0YeM,5,0.0
6kVHCR22SGLsK4YC0YeM,6,1.51
6kVHCR22SGLsK4YC0YeM,7,73.37
6kVHCR22SGLsK4YC0YeM,8,237.14
6kVHCR22SGLsK4YC0YeM,9,244.92
6kVHCR22SGLsK4YC0YeM,10,309.2
6kVHCR22SGLsK4YC0YeM,11,221.46
6kVHCR22SGLsK4YC0YeM,12,277.37
6kVHCR22SGLsK4YC0YeM,13,289.95
6kVHCR22SGLsK4YC0YeM,14,280.15
6kVHCR22SGLsK4YC0YeM,15,234.98
6kVHCR22SGLsK4YC0YeM,16,252.09
6kVHCR22SGLsK4YC0YeM,17,243.49
6kVHCR22SGLsK4YC0YeM,18,233.23
6kVHCR22SGLsK4YC0YeM,19,214.22
6kVHCR22SGLsK4YC0YeM,20,224.48
6kVHCR22SGLsK4YC0YeM,21,166.31
6kVHCR22SGLsK4YC0YeM,22,41.43
6kVHCR22SGLsK4YC0YeM,23,11.77
7z3ustz5EnF7LMolNFXD,0,63.15
7z3ustz5EnF7LMolNFXD,1,29.35
7z3ustz5EnF7LMolNFXD,2,18.09
7z3ustz5EnF7LMolNFXD,3,25.54
7z3ustz5EnF7LMolNFXD,4,14.22
7z3ustz5EnF7LMolNFXD,5,19.4
7z3ustz5EnF7LMolNFXD,6,115.12
7z3ustz5EnF7LMolNFXD,7,370.97
7z3ustz5EnF7LMolNFXD,8,904.83
7z3ustz5EnF7LMolNFXD,9,978.08
7z3ustz5EnF7LMolNFXD,10,2012.15
7z3ustz5EnF7LMolNFXD,11,488.22
7z3ustz5EnF7LMolNFXD,12,446.69
7z3ustz5EnF7LMolNFXD,13,252.98
7z3ustz5EnF7LMolNFXD,14,433.43
7z3ustz5EnF7LMolNFXD,15,348.57
7z3ustz5EnF7LMolNFXD,16,467.42
7z3ustz5EnF7LMolNFXD,17,432.46
7z3ustz5EnF7LMolNFXD,18,442.52
7z3ustz5EnF7LMolNFXD,19,338.06
7z3ustz5EnF7LMolNFXD,20,969.58
7z3ustz5EnF7LMolNFXD,21,995.74
7z3ustz5EnF7LMolNFXD,22,450.92
7z3ustz5EnF7LMolNFXD,23,166.85
9mwCJXfh16H5kXUwvHVW,0,45.98
9mwCJXfh16H5kXUwvHVW,1,14.86
9mwCJXfh16H5kXUwvHVW,2,20.02
9mwCJXfh16H5kXUwvHVW,3,14.28
9mwCJXfh16H5kXUwvHVW,4,23.17
9mwCJXfh16H5kXUwvHVW,5,33.38
9mwCJXfh16H5kXUwvHVW,6,79.17
9mwCJXfh16H5kXUwvHVW,7,171.75
9mwCJXfh16H5kXUwvHVW,8,64.37
9mwCJXfh16H5kXUwvHVW,9,82.4
9mwCJXfh16H5kXUwvHVW,10,201.17
9mwCJXfh16H5kXUwvHVW,11,108.25
9mwCJXfh16H5kXUwvHVW,12,162.28
9mwCJXfh16H5kXUwvHVW,13,161.68
9mwCJXfh16H5kXUwvHVW,14,110.42
9mwCJXfh16H5kXUwvHVW,15,219.71
9mwCJXfh16H5kXUwvHVW,16,246.71
9mwCJXfh16H5kXUwvHVW,17,110.63
9mwCJXfh16H5kXUwvHVW,18,237.31
9mwCJXfh16H5kXUwvHVW,19,110.29
9mwCJXfh16H5kXUwvHVW,20,140.06
9mwCJXfh16H5kXUwvHVW,21,72.37
9mwCJXfh16H5kXUwvHVW,22,74.45
9mwCJXfh16H5kXUwvHVW,23,48.78
Bn8ry07xklgiLaf91MqF,0,301.15
Bn8ry07xklgiLaf91MqF,1,90.88
Bn8ry07xklgiLaf91MqF,2,28.65
Bn8ry07xklgiLaf91MqF,3,36.14
Bn8ry07xklgiLaf91MqF,4,59.82
Bn8ry07xklgiLaf91MqF,5,396.38
Bn8ry07xklgiLaf91MqF,6,1479.58
Bn8ry07xklgiLaf91MqF,7,1251.86
Bn8ry07xklgiLaf91MqF,8,1336.09
Bn8ry07xklgiLaf91MqF,9,1238.78
Bn8ry07xklgiLaf91MqF,10,1611.6
Bn8ry07xklgiLaf91MqF,11,1823.6
Bn8ry07xklgiLaf91MqF,12,1655.2
Bn8ry07xklgiLaf91MqF,13,1560.42
Bn8ry07xklgiLaf91MqF,14,1508.26
Bn8ry07xklgiLaf91MqF,15,1278.54
Bn8ry07xklgiLaf91MqF,16,1614.25
Bn8ry07xklgiLaf91MqF,17,1356.55
Bn8ry07xklgiLaf91MqF,18,1132.68
Bn8ry07xklgiLaf91MqF,19,1021.83
Bn8ry07xklgiLaf91MqF,20,925.34
Bn8ry07xklgiLaf91MqF,21,943.97
Bn8ry07xklgiLaf91MqF,22,588.02
Bn8ry07xklgiLaf91MqF,23,330.17
D7ztGzWsNcXCjkpkH9O7,0,339.51
D7ztGzWsNcXCjkpkH9O7,1,302.11
D7ztGzWsNcXCjkpkH9O7,2,250.34
D7ztGzWsNcXCjkpkH9O7,3,182.45
D7ztGzWsNcXCjkpkH9O7,4,128.83
D7ztGzWsNcXCjkpkH9O7,5,282.74
D7ztGzWsNcXCjkpkH9O7,6,285.85
D7ztGzWsNcXCjkpkH9O7,7,218.83
D7ztGzWsNcXCjkpkH9O7,8,307.88
D7ztGzWsNcXCjkpkH9O7,9,534.92
D7ztGzWsNcXCjkpkH9O7,10,772.34
D7ztGzWsNcXCjkpkH9O7,11,839.8
D7ztGzWsNcXCjkpkH9O7,12,936.88
D7ztGzWsNcXCjkpkH9O7,13,1015.2
D7ztGzWsNcXCjkpkH9O7,14,732.22
D7ztGzWsNcXCjkpkH9O7,15,895.42
D7ztGzWsNcXCjkpkH9O7,16,945.08
D7ztGzWsNcXCjkpkH9O7,17,917.97
D7ztGzWsNcXCjkpkH9O7,18,747.14
D7ztGzWsNcXCjkpkH9O7,19,740.51
D7ztGzWsNcXCjkpkH9O7,20,718.0
D7ztGzWsNcXCjkpkH9O7,21,587.57
D7ztGzWsNcXCjkpkH9O7,22,743.89
D7ztGzWsNcXCjkpkH9O7,23,394.62
DfgE795ypSnZzyuBlNNT,0,76.58
DfgE795ypSnZzyuBlNNT,1,14.66
DfgE795ypSnZzyuBlNNT,2,3.62
DfgE795ypSnZzyuBlNNT,3,8.46
DfgE795ypSnZzyuBlNNT,4,25.85
DfgE795ypSnZzyuBlNNT,5,44.14
DfgE795ypSnZzyuBlNNT,6,476.35
DfgE795ypSnZzyuBlNNT,7,3631.14
DfgE795ypSnZzyuBlNNT,8,1488.74
DfgE795ypSnZzyuBlNNT,9,1436.54
DfgE795ypSnZzyuBlNNT,10,1352.95
DfgE795ypSnZzyuBlNNT,11,858.69
DfgE795ypSnZzyuBlNNT,12,1682.23
DfgE795ypSnZzyuBlNNT,13,1084.05
DfgE795ypSnZzyuBlNNT,14,895.42
DfgE795ypSnZzyuBlNNT,15,1102.4
DfgE795ypSnZzyuBlNNT,16,1799.42
DfgE795ypSnZzyuBlNNT,17,3274.63
DfgE795ypSnZzyuBlNNT,18,1814.37
DfgE795ypSnZzyuBlNNT,19,1581.91
DfgE795ypSnZzyuBlNNT,20,614.86
DfgE795ypSnZzyuBlNNT,21,433.52
DfgE795ypSnZzyuBlNNT,22,468.98
DfgE795ypSnZzyuBlNNT,23,53.92
EeTSKkNw03amapx06fy9,0,2.66
EeTSKkNw03amapx06fy9,1,0.46
EeTSKkNw03amapx06fy9,2,0.11
EeTSKkNw03amapx06fy9,3,0.58
EeTSKkNw03amapx06fy9,4,0.8
EeTSKkNw03amapx06fy9,5,0.22
EeTSKkNw03amapx06fy9,6,2.52
EeTSKkNw03amapx06fy9,7,1206.77
EeTSKkNw03amapx06fy9,8,537.4
EeTSKkNw03amapx06fy9,9,255.91
EeTSKkNw03amapx06fy9,10,617.32
EeTSKkNw03amapx06fy9,11,976.08
EeTSKkNw03amapx06fy9,12,1072.12
EeTSKkNw03amapx06fy9,13,1181.85
EeTSKkNw03amapx06fy9,14,1142.46
EeTSKkNw03amapx06fy9,15,737.4
EeTSKkNw03amapx06fy9,16,451.11
EeTSKkNw03amapx06fy9,17,473.08
EeTSKkNw03amapx06fy9,18,358.06
EeTSKkNw03amapx06fy9,19,184.15
EeTSKkNw03amapx06fy9,20,53.51
EeTSKkNw03amapx06fy9,21,81.25
EeTSKkNw03amapx06fy9,22,131.6
EeTSKkNw03amapx06fy9,23,103.23
ElFiNRydnOOTWXJaUXrk,0,96.32
ElFiNRydnOOTWXJaUXrk,1,39.28
ElFiNRydnOOTWXJaUXrk,2,43.18
ElFiNRydnOOTWXJaUXrk,3,19.46
ElFiNRydnOOTWXJaUXrk,4,19.34
ElFiNRydnOOTWXJaUXrk,5,23.8
ElFiNRydnOOTWXJaUXrk,6,54.12
ElFiNRydnOOTWXJaUXrk,7,82.22
ElFiNRydnOOTWXJaUXrk,8,185.83
ElFiNRydnOOTWXJaUXrk,9,265.08
ElFiNRydnOOTWXJaUXrk,10,402.49
ElFiNRydnOOTWXJaUXrk,11,481.25
ElFiNRydnOOTWXJaUXrk,12,511.03
ElFiNRydnOOTWXJaUXrk,13,562.54
ElFiNRydnOOTWXJaUXrk,14,601.31
ElFiNRydnOOTWXJaUXrk,15,489.98
ElFiNRydnOOTWXJaUXrk,16,502.35
ElFiNRydnOOTWXJaUXrk,17,414.34
ElFiNRydnOOTWXJaUXrk,18,526.66
ElFiNRydnOOTWXJaUXrk,19,438.29
ElFiNRydnOOTWXJaUXrk,20,362.31
ElFiNRydnOOTWXJaUXrk,21,237.74
ElFiNRydnOOTWXJaUXrk,22,207.49
ElFiNRydnOOTWXJaUXrk,23,324.46
H7UADUwy3br6HvHTUti0,0,78.88
H7UADUwy3br6HvHTUti0,1,23.85
H7UADUwy3br6HvHTUti0,2,20.63
H7UADUwy3br6HvHTUti0,3,15.83
H7UADUwy3br6HvHTUti0,4,14.57
H7UADUwy3br6HvHTUti0,5,20.43
H7UADUwy3br6HvHTUti0,6,37.52
H7UADUwy3br6HvHTUti0,7,125.57
H7UADUwy3br6HvHTUti0,8,393.71
H7UADUwy3br6HvHTUti0,9,1118.06
H7UADUwy3br6HvHTUti0,10,488.35
H7UADUwy3br6HvHTUti0,11,164.28
H7UADUwy3br6HvHTUti0,12,347.43
H7UADUwy3br6HvHTUti0,13,368.14
H7UADUwy3br6HvHTUti0,14,305.02
H7UADUwy3br6HvHTUti0,15,314.38
H7UADUwy3br6HvHTUti0,16,506.89
H7UADUwy3br6HvHTUti0,17,1310.38
H7UADUwy3br6HvHTUti0,18,2647.92
H7UADUwy3br6HvHTUti0,19,2028.65
H7UADUwy3br6HvHTUti0,20,460.46
H7UADUwy3br6HvHTUti0,21,355.98
H7UADUwy3br6HvHTUti0,22,404.63
H7UADUwy3br6HvHTUti0,23,405.46
O7gJjdBvBXpMezaXUlbR,0,29.06
O7gJjdBvBXpMezaXUlbR,1,4.38
O7gJjdBvBXpMezaXUlbR,2,3.4
O7gJjdBvBXpMezaXUlbR,3,42.58
O7gJjdBvBXpMezaXUlbR,4,75.69
O7gJjdBvBXpMezaXUlbR,5,17.15
O7gJjdBvBXpMezaXUlbR,6,266.77
O7gJjdBvBXpMezaXUlbR,7,321.82
O7gJjdBvBXpMezaXUlbR,8,895.69
O7gJjdBvBXpMezaXUlbR,9,440.23
O7gJjdBvBXpMezaXUlbR,10,617.38
O7gJjdBvBXpMezaXUlbR,11,610.69
O7gJjdBvBXpMezaXUlbR,12,646.0
O7gJjdBvBXpMezaXUlbR,13,589.6
O7gJjdBvBXpMezaXUlbR,14,1084.63
O7gJjdBvBXpMezaXUlbR,15,612.12
O7gJjdBvBXpMezaXUlbR,16,593.95
O7gJjdBvBXpMezaXUlbR,17,518.49
O7gJjdBvBXpMezaXUlbR,18,467.34
O7gJjdBvBXpMezaXUlbR,19,427.48
O7gJjdBvBXpMezaXUlbR,20,487.03
O7gJjdBvBXpMezaXUlbR,21,515.62
O7gJjdBvBXpMezaXUlbR,22,323.29
O7gJjdBvBXpMezaXUlbR,23,152.11
Ohb0TKzIBmhz3jYZJ4Eq,0,75.11
Ohb0TKzIBmhz3jYZJ4Eq,1,29.46
Ohb0TKzIBmhz3jYZJ4Eq,2,4.68
Ohb0TKzIBmhz3jYZJ4Eq,3,4.85
Ohb0TKzIBmhz3jYZJ4Eq,4,3.35
Ohb0TKzIBmhz3jYZJ4Eq,5,0.98
Ohb0TKzIBmhz3jYZJ4Eq,6,1.86
Ohb0TKzIBmhz3jYZJ4Eq,7,20.89
Ohb0TKzIBmhz3jYZJ4Eq,8,1261.63
Ohb0TKzIBmhz3jYZJ4Eq,9,212.74
Ohb0TKzIBmhz3jYZJ4Eq,10,429.68
Ohb0TKzIBmhz3jYZJ4Eq,11,407.03
Ohb0TKzIBmhz3jYZJ4Eq,12,619.94
Ohb0TKzIBmhz3jYZJ4Eq,13,518.91
Ohb0TKzIBmhz3jYZJ4Eq,14,538.75
Ohb0TKzIBmhz3jYZJ4Eq,15,2139.15
Ohb0TKzIBmhz3jYZJ4Eq,16,1033.62
Ohb0TKzIBmhz3jYZJ4Eq,17,1127.94
Ohb0TKzIBmhz3jYZJ4Eq,18,620.29
Ohb0TKzIBmhz3jYZJ4Eq,19,643.46
Ohb0TKzIBmhz3jYZJ4Eq,20,551.86
Ohb0TKzIBmhz3jYZJ4Eq,21,379.18
Ohb0TKzIBmhz3jYZJ4Eq,22,258.66
Ohb0TKzIBmhz3jYZJ4Eq,23,127.48
TQxEAP2h7ZW93YKzsM1u,0,2.65
TQxEAP2h7ZW93YKzsM1u,1,2.31
TQxEAP2h7ZW93YKzsM1u,2,2.03
TQxEAP2h7ZW93YKzsM1u,3,3.08
TQxEAP2h7ZW93YKzsM1u,4,14.89
TQxEAP2h7ZW93YKzsM1u,5,546.66
TQxEAP2h7ZW93YKzsM1u,6,867.92
TQxEAP2h7ZW93YKzsM1u,7,1091.46
TQxEAP2h7ZW93YKzsM1u,8,890.8
TQxEAP2h7ZW93YKzsM1u,9,956.14
TQxEAP2h7ZW93YKzsM1u,10,1232.03
TQxEAP2h7ZW93YKzsM1u,11,1221.77
TQxEAP2h7ZW93YKzsM1u,12,1098.14
TQxEAP2h7ZW93YKzsM1u,13,1025.35
TQxEAP2h7ZW93YKzsM1u,14,1263.89
TQxEAP2h7ZW93YKzsM1u,15,1172.26
TQxEAP2h7ZW93YKzsM1u,16,818.37
TQxEAP2h7ZW93YKzsM1u,17,1068.08
TQxEAP2h7ZW93YKzsM1u,18,825.85
TQxEAP2h7ZW93YKzsM1u,19,301.26
TQxEAP2h7ZW93YKzsM1u,20,130.51
TQxEAP2h7ZW93YKzsM1u,21,64.72
TQxEAP2h7ZW93YKzsM1u,22,22.75
TQxEAP2h7ZW93YKzsM1u,23,2.71
TRoLztbeWobe57Etdnif,0,33.98
TRoLztbeWobe57Etdnif,1,31.37
TRoLztbeWobe57Etdnif,2,32.89
TRoLztbeWobe57Etdnif,3,24.03
TRoLztbeWobe57Etdnif,4,3.83
TRoLztbeWobe57Etdnif,5,6.29
TRoLztbeWobe57Etdnif,6,21.22
TRoLztbeWobe57Etdnif,7,155.86
TRoLztbeWobe57Etdnif,8,527.55
TRoLztbeWobe57Etdnif,9,325.42
TRoLztbeWobe57Etdnif,10,176.25
TRoLztbeWobe57Etdnif,11,160.25
TRoLztbeWobe57Etdnif,12,264.51
TRoLztbeWobe57Etdnif,13,300.42
TRoLztbeWobe57Etdnif,14,808.4
TRoLztbeWobe57Etdnif,15,308.17
TRoLztbeWobe57Etdnif,16,377.52
TRoLztbeWobe57Etdnif,17,415.54
TRoLztbeWobe57Etdnif,18,270.18
TRoLztbeWobe57Etdnif,19,223.58
TRoLztbeWobe57Etdnif,20,254.23
TRoLztbeWobe57Etdnif,21,136.45
TRoLztbeWobe57Etdnif,22,115.2
TRoLztbeWobe57Etdnif,23,65.89
TeawxQVKn8IKZLs0UjoW,0,0.0
TeawxQVKn8IKZLs0UjoW,1,0.0
TeawxQVKn8IKZLs0UjoW,2,0.0
TeawxQVKn8IKZLs0UjoW,3,0.0
TeawxQVKn8IKZLs0UjoW,4,0.0
TeawxQVKn8IKZLs0UjoW,5,0.31
TeawxQVKn8IKZLs0UjoW,6,103.0
TeawxQVKn8IKZLs0UjoW,7,553.22
TeawxQVKn8IKZLs0UjoW,8,1082.97
TeawxQVKn8IKZLs0UjoW,9,1181.05
TeawxQVKn8IKZLs0UjoW,10,1302.72
TeawxQVKn8IKZLs0UjoW,11,1443.51
TeawxQVKn8IKZLs0UjoW,12,1648.78
TeawxQVKn8IKZLs0UjoW,13,1111.85
TeawxQVKn8IKZLs0UjoW,14,1540.69
TeawxQVKn8IKZLs0UjoW,15,1515.2
TeawxQVKn8IKZLs0UjoW,16,1183.38
TeawxQVKn8IKZLs0UjoW,17,1513.54
TeawxQVKn8IKZLs0UjoW,18,784.26
TeawxQVKn8IKZLs0UjoW,19,409.6
TeawxQVKn8IKZLs0UjoW,20,258.18
TeawxQVKn8IKZLs0UjoW,21,198.38
TeawxQVKn8IKZLs0UjoW,22,218.94
TeawxQVKn8IKZLs0UjoW,23,48.97
VmxG8sZ3CXzdnUljnPPC,0,14.8
VmxG8sZ3CXzdnUljnPPC,1,10.75
VmxG8sZ3CXzdnUljnPPC,2,10.14
VmxG8sZ3CXzdnUljnPPC,3,6.91
VmxG8sZ3CXzdnUljnPPC,4,114.94
VmxG8sZ3CXzdnUljnPPC,5,3109.63
VmxG8sZ3CXzdnUljnPPC,6,3728.63
VmxG8sZ3CXzdnUljnPPC,7,2203.25
VmxG8sZ3CXzdnUljnPPC,8,1011.8
VmxG8sZ3CXzdnUljnPPC,9,449.18
VmxG8sZ3CXzdnUljnPPC,10,462.0
VmxG8sZ3CXzdnUljnPPC,11,474.8
VmxG8sZ3CXzdnUljnPPC,12,617.31
VmxG8sZ3CXzdnUljnPPC,13,463.89
VmxG8sZ3CXzdnUljnPPC,14,570.86
VmxG8sZ3CXzdnUljnPPC,15,572.52
VmxG8sZ3CXzdnUljnPPC,16,660.98
VmxG8sZ3CXzdnUljnPPC,17,663.09
VmxG8sZ3CXzdnUljnPPC,18,764.0
VmxG8sZ3CXzdnUljnPPC,19,692.75
VmxG8sZ3CXzdnUljnPPC,20,474.26
VmxG8sZ3CXzdnUljnPPC,21,425.32
VmxG8sZ3CXzdnUljnPPC,22,48.35
VmxG8sZ3CXzdnUljnPPC,23,31.31
VsVGqSabr41jktvT6gLN,0,149.02
VsVGqSabr41jktvT6gLN,1,154.17
VsVGqSabr41jktvT6gLN,2,127.4
VsVGqSabr41jktvT6gLN,3,131.75
VsVGqSabr41jktvT6gLN,4,98.55
VsVGqSabr41jktvT6gLN,5,112.49
VsVGqSabr41jktvT6gLN,6,101.32
VsVGqSabr41jktvT6gLN,7,145.51
VsVGqSabr41jktvT6gLN,8,323.35
VsVGqSabr41jktvT6gLN,9,607.12
VsVGqSabr41jktvT6gLN,10,663.46
VsVGqSabr41jktvT6gLN,11,601.78
VsVGqSabr41jktvT6gLN,12,567.05
VsVGqSabr41jktvT6gLN,13,563.43
VsVGqSabr41jktvT6gLN,14,575.34
VsVGqSabr41jktvT6gLN,15,543.05
VsVGqSabr41jktvT6gLN,16,557.46
VsVGqSabr41jktvT6gLN,17,435.0
VsVGqSabr41jktvT6gLN,18,565.43
VsVGqSabr41jktvT6gLN,19,380.0
VsVGqSabr41jktvT6gLN,20,406.0
VsVGqSabr41jktvT6gLN,21,249.68
VsVGqSabr41jktvT6gLN,22,290.83
VsVGqSabr41jktvT6gLN,23,222.95
XrpORwShj6Qit9Aq4hS1,0,247.51
XrpORwShj6Qit9Aq4hS1,1,45.32
XrpORwShj6Qit9Aq4hS1,2,23.52
XrpORwShj6Qit9Aq4hS1,3,6.26
XrpORwShj6Qit9Aq4hS1,4,4.88
XrpORwShj6Qit9Aq4hS1,5,7.05
XrpORwShj6Qit9Aq4hS1,6,22.06
XrpORwShj6Qit9Aq4hS1,7,175.58
XrpORwShj6Qit9Aq4hS1,8,618.06
XrpORwShj6Qit9Aq4hS1,9,973.26
XrpORwShj6Qit9Aq4hS1,10,1210.83
XrpORwShj6Qit9Aq4hS1,11,1212.18
XrpORwShj6Qit9Aq4hS1,12,1454.42
XrpORwShj6Qit9Aq4hS1,13,1649.92
XrpORwShj6Qit9Aq4hS1,14,593.57
XrpORwShj6Qit9Aq4hS1,15,736.88
XrpORwShj6Qit9Aq4hS1,16,723.52
XrpORwShj6Qit9Aq4hS1,17,811.12
XrpORwShj6Qit9Aq4hS1,18,538.89
XrpORwShj6Qit9Aq4hS1,19,537.78
XrpORwShj6Qit9Aq4hS1,20,479.89
XrpORwShj6Qit9Aq4hS1,21,533.75
XrpORwShj6Qit9Aq4hS1,22,807.6
XrpORwShj6Qit9Aq4hS1,23,598.92
Zqm5epVrcyI44hGpTO2c,0,33.38
Zqm5epVrcyI44hGpTO2c,1,1.45
Zqm5epVrcyI44hGpTO2c,2,2.71
Zqm5epVrcyI44hGpTO2c,3,2.31
Zqm5epVrcyI44hGpTO2c,4,1.57
Zqm5epVrcyI44hGpTO2c,5,3.8
Zqm5epVrcyI44hGpTO2c,6,113.43
Zqm5epVrcyI44hGpTO2c,7,754.17
Zqm5epVrcyI44hGpTO2c,8,211.55
Zqm5epVrcyI44hGpTO2c,9,203.02
Zqm5epVrcyI44hGpTO2c,10,413.45
Zqm5epVrcyI44hGpTO2c,11,465.18
Zqm5epVrcyI44hGpTO2c,12,275.55
Zqm5epVrcyI44hGpTO2c,13,334.94
Zqm5epVrcyI44hGpTO2c,14,396.75
Zqm5epVrcyI44hGpTO2c,15,333.8
Zqm5epVrcyI44hGpTO2c,16,325.78
Zqm5epVrcyI44hGpTO2c,17,614.02
Zqm5epVrcyI44hGpTO2c,18,637.03
Zqm5epVrcyI44hGpTO2c,19,659.66
Zqm5epVrcyI44hGpTO2c,20,439.08
Zqm5epVrcyI44hGpTO2c,21,403.4
Zqm5epVrcyI44hGpTO2c,22,262.2
Zqm5epVrcyI44hGpTO2c,23,158.88
cXQqwEwIHUTYC3x6ESln,0,121.85
cXQqwEwIHUTYC3x6ESln,1,175.72
cXQqwEwIHUTYC3x6ESln,2,130.17
cXQqwEwIHUTYC3x6ESln,3,143.12
cXQqwEwIHUTYC3x6ESln,4,200.49
cXQqwEwIHUTYC3x6ESln,5,132.95
cXQqwEwIHUTYC3x6ESln,6,418.08
cXQqwEwIHUTYC3x6ESln,7,317.26
cXQqwEwIHUTYC3x6ESln,8,256.54
cXQqwEwIHUTYC3x6ESln,9,340.18
cXQqwEwIHUTYC3x6ESln,10,410.38
cXQqwEwIHUTYC3x6ESln,11,169.58
cXQqwEwIHUTYC3x6ESln,12,284.48
cXQqwEwIHUTYC3x6ESln,13,434.0
cXQqwEwIHUTYC3x6ESln,14,267.57
cXQqwEwIHUTYC3x6ESln,15,280.29
cXQqwEwIHUTYC3x6ESln,16,376.55
cXQqwEwIHUTYC3x6ESln,17,262.05
cXQqwEwIHUTYC3x6ESln,18,425.95
cXQqwEwIHUTYC3x6ESln,19,327.06
cXQqwEwIHUTYC3x6ESln,20,184.02
cXQqwEwIHUTYC3x6ESln,21,180.71
cXQqwEwIHUTYC3x6ESln,22,168.97
cXQqwEwIHUTYC3x6ESln,23,84.28
eSFsS3zCT4ut8tyXi6k4,0,46.25
eSFsS3zCT4ut8tyXi6k4,1,21.45
eSFsS3zCT4ut8tyXi6k4,2,8.71
eSFsS3zCT4ut8tyXi6k4,3,15.17
eSFsS3zCT4ut8tyXi6k4,4,23.49
eSFsS3zCT4ut8tyXi6k4,5,24.68
eSFsS3zCT4ut8tyXi6k4,6,22.09
eSFsS3zCT4ut8tyXi6k4,7,125.45
eSFsS3zCT4ut8tyXi6k4,8,250.09
eSFsS3zCT4ut8tyXi6k4,9,246.25
eSFsS3zCT4ut8tyXi6k4,10,302.06
eSFsS3zCT4ut8tyXi6k4,11,441.6
eSFsS3zCT4ut8tyXi6k4,12,463.18
eSFsS3zCT4ut8tyXi6k4,13,374.77
eSFsS3zCT4ut8tyXi6k4,14,513.15
eSFsS3zCT4ut8tyXi6k4,15,388.15
eSFsS3zCT4ut8tyXi6k4,16,327.12
eSFsS3zCT4ut8tyXi6k4,17,364.37
eSFsS3zCT4ut8tyXi6k4,18,325.26
eSFsS3zCT4ut8tyXi6k4,19,190.55
eSFsS3zCT4ut8tyXi6k4,20,162.38
eSFsS3zCT4ut8tyXi6k4,21,166.34
eSFsS3zCT4ut8tyXi6k4,22,165.8
eSFsS3zCT4ut8tyXi6k4,23,135.31
eu8A02K19NdVI9hISNwg,0,417.49
eu8A02K19NdVI9hISNwg,1,249.46
eu8A02K19NdVI9hISNwg,2,59.89
eu8A02K19NdVI9hISNwg,3,29.68
eu8A02K19NdVI9hISNwg,4,13.08
eu8A02K19NdVI9hISNwg,5,54.4
eu8A02K19NdVI9hISNwg,6,37.25
eu8A02K19NdVI9hISNwg,7,286.38
eu8A02K19NdVI9hISNwg,8,483.23
eu8A02K19NdVI9hISNwg,9,659.22
eu8A02K19NdVI9hISNwg,10,707.71
eu8A02K19NdVI9hISNwg,11,373.65
eu8A02K19NdVI9hISNwg,12,605.23
eu8A02K19NdVI9hISNwg,13,912.06
eu8A02K19NdVI9hISNwg,14,973.54
eu8A02K19NdVI9hISNwg,15,727.85
eu8A02K19NdVI9hISNwg,16,722.69
eu8A02K19NdVI9hISNwg,17,679.23
eu8A02K19NdVI9hISNwg,18,825.6
eu8A02K19NdVI9hISNwg,19,823.55
eu8A02K19NdVI9hISNwg,20,623.92
eu8A02K19NdVI9hISNwg,21,658.86
eu8A02K19NdVI9hISNwg,22,605.46
eu8A02K19NdVI9hISNwg,23,442.58
gQqdqi0cyd6QowISCMYe,0,53.88
gQqdqi0cyd6QowISCMYe,1,6.4
gQqdqi0cyd6QowISCMYe,2,5.18
gQqdqi0cyd6QowISCMYe,3,10.54
gQqdqi0cyd6QowISCMYe,4,15.14
gQqdqi0cyd6QowISCMYe,5,12.28
gQqdqi0cyd6QowISCMYe,6,129.46
gQqdqi0cyd6QowISCMYe,7,189.06
gQqdqi0cyd6QowISCMYe,8,782.6
gQqdqi0cyd6QowISCMYe,9,2745.43
gQqdqi0cyd6QowISCMYe,10,2059.43
gQqdqi0cyd6QowISCMYe,11,1875.52
gQqdqi0cyd6QowISCMYe,12,900.74
gQqdqi0cyd6QowISCMYe,13,661.14
gQqdqi0cyd6QowISCMYe,14,473.25
gQqdqi0cyd6QowISCMYe,15,353.66
gQqdqi0cyd6QowISCMYe,16,589.43
gQqdqi0cyd6QowISCMYe,17,403.2
gQqdqi0cyd6QowISCMYe,18,447.92
gQqdqi0cyd6QowISCMYe,19,390.31
gQqdqi0cyd6QowISCMYe,20,361.14
gQqdqi0cyd6QowISCMYe,21,186.37
gQqdqi0cyd6QowISCMYe,22,76.06
gQqdqi0cyd6QowISCMYe,23,114.82
k70sygMtUNxqzzcxJPoV,0,35.95
k70sygMtUNxqzzcxJPoV,1,10.6
k70sygMtUNxqzzcxJPoV,2,11.08
k70sygMtUNxqzzcxJPoV,3,12.26
k70sygMtUNxqzzcxJPoV,4,15.49
k70sygMtUNxqzzcxJPoV,5,14.82
k70sygMtUNxqzzcxJPoV,6,14.83
k70sygMtUNxqzzcxJPoV,7,401.97
k70sygMtUNxqzzcxJPoV,8,126.69
k70sygMtUNxqzzcxJPoV,9,409.31
k70sygMtUNxqzzcxJPoV,10,641.12
k70sygMtUNxqzzcxJPoV,11,860.57
k70sygMtUNxqzzcxJPoV,12,1056.17
k70sygMtUNxqzzcxJPoV,13,864.58
k70sygMtUNxqzzcxJPoV,14,1184.82
k70sygMtUNxqzzcxJPoV,15,1179.08
k70sygMtUNxqzzcxJPoV,16,702.08
k70sygMtUNxqzzcxJPoV,17,453.35
k70sygMtUNxqzzcxJPoV,18,441.37
k70sygMtUNxqzzcxJPoV,19,453.68
k70sygMtUNxqzzcxJPoV,20,289.95
k70sygMtUNxqzzcxJPoV,21,307.15
k70sygMtUNxqzzcxJPoV,22,277.29
k70sygMtUNxqzzcxJPoV,23,144.92
kAHdVVh3apB1b7IxFEQI,0,8.68
kAHdVVh3apB1b7IxFEQI,1,2.0
kAHdVVh3apB1b7IxFEQI,2,0.14
kAHdVVh3apB1b7IxFEQI,3,0.14
kAHdVVh3apB1b7IxFEQI,4,0.0
kAHdVVh3apB1b7IxFEQI,5,24.92
kAHdVVh3apB1b7IxFEQI,6,81.34
kAHdVVh3apB1b7IxFEQI,7,378.92
kAHdVVh3apB1b7IxFEQI,8,758.09
kAHdVVh3apB1b7IxFEQI,9,1141.85
kAHdVVh3apB1b7IxFEQI,10,977.69
kAHdVVh3apB1b7IxFEQI,11,1056.4
kAHdVVh3apB1b7IxFEQI,12,860.06
kAHdVVh3apB1b7IxFEQI,13,897.32
kAHdVVh3apB1b7IxFEQI,14,981.11
kAHdVVh3apB1b7IxFEQI,15,1254.34
kAHdVVh3apB1b7IxFEQI,16,1195.05
kAHdVVh3apB1b7IxFEQI,17,857.86
kAHdVVh3apB1b7IxFEQI,18,897.65
kAHdVVh3apB1b7IxFEQI,19,1078.88
kAHdVVh3apB1b7IxFEQI,20,307.0
kAHdVVh3apB1b7IxFEQI,21,161.52
kAHdVVh3apB1b7IxFEQI,22,120.14
kAHdVVh3apB1b7IxFEQI,23,74.95
lzpjy5BrssoDpOqbdefi,0,82.11
lzpjy5BrssoDpOqbdefi,1,43.45
lzpjy5BrssoDpOqbdefi,2,16.75
lzpjy5BrssoDpOqbdefi,3,21.55
lzpjy5BrssoDpOqbdefi,4,74.28
lzpjy5BrssoDpOqbdefi,5,68.52
lzpjy5BrssoDpOqbdefi,6,135.72
lzpjy5BrssoDpOqbdefi,7,508.86
lzpjy5BrssoDpOqbdefi,8,762.82
lzpjy5BrssoDpOqbdefi,9,937.85
lzpjy5BrssoDpOqbdefi,10,854.17
lzpjy5BrssoDpOqbdefi,11,774.2
lzpjy5BrssoDpOqbdefi,12,950.63
lzpjy5BrssoDpOqbdefi,13,696.52
lzpjy5BrssoDpOqbdefi,14,690.26
lzpjy5BrssoDpOqbdefi,15,865.57
lzpjy5BrssoDpOqbdefi,16,656.32
lzpjy5BrssoDpOqbdefi,17,990.6
lzpjy5BrssoDpOqbdefi,18,944.71
lzpjy5BrssoDpOqbdefi,19,545.37
lzpjy5BrssoDpOqbdefi,20,458.6
lzpjy5BrssoDpOqbdefi,21,263.43
lzpjy5BrssoDpOqbdefi,22,202.18
lzpjy5BrssoDpOqbdefi,23,193.14
n7y2Jw4TEEHXX3LFTTbC,0,31.49
n7y2Jw4TEEHXX3LFTTbC,1,29.14
n7y2Jw4TEEHXX3LFTTbC,2,15.91
n7y2Jw4TEEHXX3LFTTbC,3,12.0
n7y2Jw4TEEHXX3LFTTbC,4,10.32
n7y2Jw4TEEHXX3LFTTbC,5,41.91
n7y2Jw4TEEHXX3LFTTbC,6,106.06
n7y2Jw4TEEHXX3LFTTbC,7,219.02
n7y2Jw4TEEHXX3LFTTbC,8,356.97
n7y2Jw4TEEHXX3LFTTbC,9,378.74
n7y2Jw4TEEHXX3LFTTbC,10,320.68
n7y2Jw4TEEHXX3LFTTbC,11,345.4
n7y2Jw4TEEHXX3LFTTbC,12,309.62
n7y2Jw4TEEHXX3LFTTbC,13,279.03
n7y2Jw4TEEHXX3LFTTbC,14,308.23
n7y2Jw4TEEHXX3LFTTbC,15,388.95
n7y2Jw4TEEHXX3LFTTbC,16,358.8
n7y2Jw4TEEHXX3LFTTbC,17,426.43
n7y2Jw4TEEHXX3LFTTbC,18,345.23
n7y2Jw4TEEHXX3LFTTbC,19,404.78
n7y2Jw4TEEHXX3LFTTbC,20,338.55
n7y2Jw4TEEHXX3LFTTbC,21,298.71
n7y2Jw4TEEHXX3LFTTbC,22,148.49
n7y2Jw4TEEHXX3LFTTbC,23,125.98
nxzATvdfwQozwIKgrYZT,0,38.89
nxzATvdfwQozwIKgrYZT,1,26.86
nxzATvdfwQozwIKgrYZT,2,10.89
nxzATvdfwQozwIKgrYZT,3,15.05
nxzATvdfwQozwIKgrYZT,4,21.4
nxzATvdfwQozwIKgrYZT,5,23.57
nxzATvdfwQozwIKgrYZT,6,13.03
nxzATvdfwQozwIKgrYZT,7,26.55
nxzATvdfwQozwIKgrYZT,8,281.03
nxzATvdfwQozwIKgrYZT,9,242.17
nxzATvdfwQozwIKgrYZT,10,563.95
nxzATvdfwQozwIKgrYZT,11,896.08
nxzATvdfwQozwIKgrYZT,12,605.23
nxzATvdfwQozwIKgrYZT,13,840.22
nxzATvdfwQozwIKgrYZT,14,870.97
nxzATvdfwQozwIKgrYZT,15,1025.32
nxzATvdfwQozwIKgrYZT,16,835.46
nxzATvdfwQozwIKgrYZT,17,666.32
nxzATvdfwQozwIKgrYZT,18,868.69
nxzATvdfwQozwIKgrYZT,19,667.97
nxzATvdfwQozwIKgrYZT,20,396.94
nxzATvdfwQozwIKgrYZT,21,315.91
nxzATvdfwQozwIKgrYZT,22,273.89
nxzATvdfwQozwIKgrYZT,23,121.95
oTRgfIq5kzMZWSKOA7gP,0,952.52
oTRgfIq5kzMZWSKOA7gP,1,1762.69
oTRgfIq5kzMZWSKOA7gP,2,233.32
oTRgfIq5kzMZWSKOA7gP,3,49.95
oTRgfIq5kzMZWSKOA7gP,4,20.46
oTRgfIq5kzMZWSKOA7gP,5,29.95
oTRgfIq5kzMZWSKOA7gP,6,22.71
oTRgfIq5kzMZWSKOA7gP,7,186.97
oTRgfIq5kzMZWSKOA7gP,8,339.69
oTRgfIq5kzMZWSKOA7gP,9,330.74
oTRgfIq5kzMZWSKOA7gP,10,543.95
oTRgfIq5kzMZWSKOA7gP,11,503.25
oTRgfIq5kzMZWSKOA7gP,12,753.63
oTRgfIq5kzMZWSKOA7gP,13,1801.0
oTRgfIq5kzMZWSKOA7gP,14,1227.35
oTRgfIq5kzMZWSKOA7gP,15,1376.82
oTRgfIq5kzMZWSKOA7gP,16,2864.92
oTRgfIq5kzMZWSKOA7gP,17,2637.83
oTRgfIq5kzMZWSKOA7gP,18,948.52
oTRgfIq5kzMZWSKOA7gP,19,1131.98
oTRgfIq5kzMZWSKOA7gP,20,2871.62
oTRgfIq5kzMZWSKOA7gP,21,3280.32
oTRgfIq5kzMZWSKOA7gP,22,265.57
oTRgfIq5kzMZWSKOA7gP,23,292.92
oageyXcGFYKSnyZGwVmS,0,49.03
oageyXcGFYKSnyZGwVmS,1,18.12
oageyXcGFYKSnyZGwVmS,2,2.65
oageyXcGFYKSnyZGwVmS,3,1.91
oageyXcGFYKSnyZGwVmS,4,4.46
oageyXcGFYKSnyZGwVmS,5,4.72
oageyXcGFYKSnyZGwVmS,6,33.8
oageyXcGFYKSnyZGwVmS,7,217.65
oageyXcGFYKSnyZGwVmS,8,214.8
oageyXcGFYKSnyZGwVmS,9,222.31
oageyXcGFYKSnyZGwVmS,10,175.51
oageyXcGFYKSnyZGwVmS,11,260.58
oageyXcGFYKSnyZGwVmS,12,225.46
oageyXcGFYKSnyZGwVmS,13,202.26
oageyXcGFYKSnyZGwVmS,14,137.85
oageyXcGFYKSnyZGwVmS,15,172.78
oageyXcGFYKSnyZGwVmS,16,97.35
oageyXcGFYKSnyZGwVmS,17,180.57
oageyXcGFYKSnyZGwVmS,18,198.89
oageyXcGFYKSnyZGwVmS,19,98.58
oageyXcGFYKSnyZGwVmS,20,73.28
oageyXcGFYKSnyZGwVmS,21,92.52
oageyXcGFYKSnyZGwVmS,22,151.82
oageyXcGFYKSnyZGwVmS,23,183.8
oo4LXfWtioyFbeePXsJm,0,83.89
oo4LXfWtioyFbeePXsJm,1,33.86
oo4LXfWtioyFbeePXsJm,2,29.91
oo4LXfWtioyFbeePXsJm,3,21.22
oo4LXfWtioyFbeePXsJm,4,34.32
oo4LXfWtioyFbeePXsJm,5,108.15
oo4LXfWtioyFbeePXsJm,6,133.63
oo4LXfWtioyFbeePXsJm,7,110.91
oo4LXfWtioyFbeePXsJm,8,94.29
oo4LXfWtioyFbeePXsJm,9,141.29
oo4LXfWtioyFbeePXsJm,10,88.11
oo4LXfWtioyFbeePXsJm,11,106.35
oo4LXfWtioyFbeePXsJm,12,140.43
oo4LXfWtioyFbeePXsJm,13,647.25
oo4LXfWtioyFbeePXsJm,14,1143.35
oo4LXfWtioyFbeePXsJm,15,1522.23
oo4LXfWtioyFbeePXsJm,16,357.08
oo4LXfWtioyFbeePXsJm,17,251.71
oo4LXfWtioyFbeePXsJm,18,252.71
oo4LXfWtioyFbeePXsJm,19,216.02
oo4LXfWtioyFbeePXsJm,20,150.12
oo4LXfWtioyFbeePXsJm,21,98.15
oo4LXfWtioyFbeePXsJm,22,108.48
oo4LXfWtioyFbeePXsJm,23,122.35
pLVNGLsQBtGyQwo99cJG,0,35.43
pLVNGLsQBtGyQwo99cJG,1,6.74
pLVNGLsQBtGyQwo99cJG,2,6.92
pLVNGLsQBtGyQwo99cJG,3,3.71
pLVNGLsQBtGyQwo99cJG,4,15.02
pLVNGLsQBtGyQwo99cJG,5,352.85
pLVNGLsQBtGyQwo99cJG,6,1853.85
pLVNGLsQBtGyQwo99cJG,7,2109.8
pLVNGLsQBtGyQwo99cJG,8,1952.03
pLVNGLsQBtGyQwo99cJG,9,1700.86
pLVNGLsQBtGyQwo99cJG,10,1738.32
pLVNGLsQBtGyQwo99cJG,11,1699.92
pLVNGLsQBtGyQwo99cJG,12,2185.8
pLVNGLsQBtGyQwo99cJG,13,1950.46
pLVNGLsQBtGyQwo99cJG,14,1374.34
pLVNGLsQBtGyQwo99cJG,15,1287.12
pLVNGLsQBtGyQwo99cJG,16,1958.42
pLVNGLsQBtGyQwo99cJG,17,1364.06
pLVNGLsQBtGyQwo99cJG,18,504.2
pLVNGLsQBtGyQwo99cJG,19,299.72
pLVNGLsQBtGyQwo99cJG,20,243.68
pLVNGLsQBtGyQwo99cJG,21,120.78
pLVNGLsQBtGyQwo99cJG,22,231.26
pLVNGLsQBtGyQwo99cJG,23,67.03
sILWMetHezvT76YfI1G5,0,10.18
sILWMetHezvT76YfI1G5,1,8.46
sILWMetHezvT76YfI1G5,2,5.6
sILWMetHezvT76YfI1G5,3,6.32
sILWMetHezvT76YfI1G5,4,27.94
sILWMetHezvT76YfI1G5,5,309.15
sILWMetHezvT76YfI1G5,6,2135.72
sILWMetHezvT76YfI1G5,7,971.28
sILWMetHezvT76YfI1G5,8,1062.88
sILWMetHezvT76YfI1G5,9,2055.86
sILWMetHezvT76YfI1G5,10,1988.43
sILWMetHezvT76YfI1G5,11,2228.34
sILWMetHezvT76YfI1G5,12,1829.09
sILWMetHezvT76YfI1G5,13,1777.29
sILWMetHezvT76YfI1G5,14,1401.2
sILWMetHezvT76YfI1G5,15,1418.18
sILWMetHezvT76YfI1G5,16,1697.25
sILWMetHezvT76YfI1G5,17,1694.26
sILWMetHezvT76YfI1G5,18,1074.62
sILWMetHezvT76YfI1G5,19,766.68
sILWMetHezvT76YfI1G5,20,628.15
sILWMetHezvT76YfI1G5,21,225.6
sILWMetHezvT76YfI1G5,22,160.66
sILWMetHezvT76YfI1G5,23,66.94
sQ2Liyz6oglVZwmXUpqD,0,250.83
sQ2Liyz6oglVZwmXUpqD,1,101.32
sQ2Liyz6oglVZwmXUpqD,2,55.11
sQ2Liyz6oglVZwmXUpqD,3,51.43
sQ2Liyz6oglVZwmXUpqD,4,30.38
sQ2Liyz6oglVZwmXUpqD,5,39.83
sQ2Liyz6oglVZwmXUpqD,6,382.17
sQ2Liyz6oglVZwmXUpqD,7,749.23
sQ2Liyz6oglVZwmXUpqD,8,889.82
sQ2Liyz6oglVZwmXUpqD,9,818.18
sQ2Liyz6oglVZwmXUpqD,10,729.42
sQ2Liyz6oglVZwmXUpqD,11,692.26
sQ2Liyz6oglVZwmXUpqD,12,860.45
sQ2Liyz6oglVZwmXUpqD,13,988.29
sQ2Liyz6oglVZwmXUpqD,14,579.32
sQ2Liyz6oglVZwmXUpqD,15,414.69
sQ2Liyz6oglVZwmXUpqD,16,452.29
sQ2Liyz6oglVZwmXUpqD,17,730.34
sQ2Liyz6oglVZwmXUpqD,18,3092.23
sQ2Liyz6oglVZwmXUpqD,19,1337.4
sQ2Liyz6oglVZwmXUpqD,20,283.91
sQ2Liyz6oglVZwmXUpqD,21,204.8
sQ2Liyz6oglVZwmXUpqD,22,386.52
sQ2Liyz6oglVZwmXUpqD,23,268.97
tpSv5cFNAuAZocpVjtRq,0,34.31
tpSv5cFNAuAZocpVjtRq,1,70.09
tpSv5cFNAuAZocpVjtRq,2,1.29
tpSv5cFNAuAZocpVjtRq,3,0.15
tpSv5cFNAuAZocpVjtRq,4,0.0
tpSv5cFNAuAZocpVjtRq,5,0.34
tpSv5cFNAuAZocpVjtRq,6,0.0
tpSv5cFNAuAZocpVjtRq,7,335.03
tpSv5cFNAuAZocpVjtRq,8,1456.43
tpSv5cFNAuAZocpVjtRq,9,477.71
tpSv5cFNAuAZocpVjtRq,10,730.95
tpSv5cFNAuAZocpVjtRq,11,877.54
tpSv5cFNAuAZocpVjtRq,12,1303.71
tpSv5cFNAuAZocpVjtRq,13,780.38
tpSv5cFNAuAZocpVjtRq,14,605.89
tpSv5cFNAuAZocpVjtRq,15,775.74
tpSv5cFNAuAZocpVjtRq,16,679.4
tpSv5cFNAuAZocpVjtRq,17,1319.63
tpSv5cFNAuAZocpVjtRq,18,1297.71
tpSv5cFNAuAZocpVjtRq,19,1018.17
tpSv5cFNAuAZocpVjtRq,20,1857.78
tpSv5cFNAuAZocpVjtRq,21,504.83
tpSv5cFNAuAZocpVjtRq,22,213.6
tpSv5cFNAuAZocpVjtRq,23,172.03
uSl8CVo6O3S7z7jfsUvE,0,1.8
uSl8CVo6O3S7z7jfsUvE,1,0.0
uSl8CVo6O3S7z7jfsUvE,2,0.0
uSl8CVo6O3S7z7jfsUvE,3,0.0
uSl8CVo6O3S7z7jfsUvE,4,1.85
uSl8CVo6O3S7z7jfsUvE,5,0.58
uSl8CVo6O3S7z7jfsUvE,6,150.18
uSl8CVo6O3S7z7jfsUvE,7,339.09
uSl8CVo6O3S7z7jfsUvE,8,290.43
uSl8CVo6O3S7z7jfsUvE,9,220.38
uSl8CVo6O3S7z7jfsUvE,10,344.4
uSl8CVo6O3S7z7jfsUvE,11,323.23
uSl8CVo6O3S7z7jfsUvE,12,409.46
uSl8CVo6O3S7z7jfsUvE,13,514.25
uSl8CVo6O3S7z7jfsUvE,14,434.28
uSl8CVo6O3S7z7jfsUvE,15,437.91
uSl8CVo6O3S7z7jfsUvE,16,354.77
uSl8CVo6O3S7z7jfsUvE,17,475.05
uSl8CVo6O3S7z7jfsUvE,18,503.43
uSl8CVo6O3S7z7jfsUvE,19,834.4
uSl8CVo6O3S7z7jfsUvE,20,220.34
uSl8CVo6O3S7z7jfsUvE,21,300.65
uSl8CVo6O3S7z7jfsUvE,22,153.17
uSl8CVo6O3S7z7jfsUvE,23,40.46
uZniV5j84lqkhauqzW0H,0,121.02
uZniV5j84lqkhauqzW0H,1,72.05
uZniV5j84lqkhauqzW0H,2,59.4
uZniV5j84lqkhauqzW0H,3,44.98
uZniV5j84lqkhauqzW0H,4,46.05
uZniV5j84lqkhauqzW0H,5,48.54
uZniV5j84lqkhauqzW0H,6,82.17
uZniV5j84lqkhauqzW0H,7,418.42
uZniV5j84lqkhauqzW0H,8,256.05
uZniV5j84lqkhauqzW0H,9,400.18
uZniV5j84lqkhauqzW0H,10,380.72
uZniV5j84lqkhauqzW0H,11,345.75
uZniV5j84lqkhauqzW0H,12,810.82
uZniV5j84lqkhauqzW0H,13,964.11
uZniV5j84lqkhauqzW0H,14,1282.31
uZniV5j84lqkhauqzW0H,15,1130.23
uZniV5j84lqkhauqzW0H,16,1466.48
uZniV5j84lqkhauqzW0H,17,1332.92
uZniV5j84lqkhauqzW0H,18,897.94
uZniV5j84lqkhauqzW0H,19,798.8
uZniV5j84lqkhauqzW0H,20,816.32
uZniV5j84lqkhauqzW0H,21,441.29
uZniV5j84lqkhauqzW0H,22,352.65
uZniV5j84lqkhauqzW0H,23,355.09
vVQnOm7RwTNWbpMB7IgN,0,164.0
vVQnOm7RwTNWbpMB7IgN,1,94.55
vVQnOm7RwTNWbpMB7IgN,2,33.6
vVQnOm7RwTNWbpMB7IgN,3,22.69
vVQnOm7RwTNWbpMB7IgN,4,18.77
vVQnOm7RwTNWbpMB7IgN,5,41.28
vVQnOm7RwTNWbpMB7IgN,6,83.38
vVQnOm7RwTNWbpMB7IgN,7,93.88
vVQnOm7RwTNWbpMB7IgN,8,215.94
vVQnOm7RwTNWbpMB7IgN,9,518.89
vVQnOm7RwTNWbpMB7IgN,10,980.08
vVQnOm7RwTNWbpMB7IgN,11,1016.68
vVQnOm7RwTNWbpMB7IgN,12,897.78
vVQnOm7RwTNWbpMB7IgN,13,708.6
vVQnOm7RwTNWbpMB7IgN,14,910.15
vVQnOm7RwTNWbpMB7IgN,15,713.8
vVQnOm7RwTNWbpMB7IgN,16,719.97
vVQnOm7RwTNWbpMB7IgN,17,732.09
vVQnOm7RwTNWbpMB7IgN,18,561.74
vVQnOm7RwTNWbpMB7IgN,19,774.49
vVQnOm7RwTNWbpMB7IgN,20,773.54
vVQnOm7RwTNWbpMB7IgN,21,500.0
vVQnOm7RwTNWbpMB7IgN,22,200.97
vVQnOm7RwTNWbpMB7IgN,23,176.74
xmUwv4ktqWcxfGu9kjwC,0,133.62
xmUwv4ktqWcxfGu9kjwC,1,68.65
xmUwv4ktqWcxfGu9kjwC,2,43.97
xmUwv4ktqWcxfGu9kjwC,3,32.28
xmUwv4ktqWcxfGu9kjwC,4,21.89
xmUwv4ktqWcxfGu9kjwC,5,49.75
xmUwv4ktqWcxfGu9kjwC,6,96.94
xmUwv4ktqWcxfGu9kjwC,7,77.32
xmUwv4ktqWcxfGu9kjwC,8,63.68
xmUwv4ktqWcxfGu9kjwC,9,178.98
xmUwv4ktqWcxfGu9kjwC,10,211.89
xmUwv4ktqWcxfGu9kjwC,11,235.98
xmUwv4ktqWcxfGu9kjwC,12,281.34
xmUwv4ktqWcxfGu9kjwC,13,677.51
xmUwv4ktqWcxfGu9kjwC,14,1174.51
xmUwv4ktqWcxfGu9kjwC,15,2561.77
xmUwv4ktqWcxfGu9kjwC,16,3328.09
xmUwv4ktqWcxfGu9kjwC,17,2862.48
xmUwv4ktqWcxfGu9kjwC,18,1829.45
xmUwv4ktqWcxfGu9kjwC,19,1043.12
xmUwv4ktqWcxfGu9kjwC,20,720.62
xmUwv4ktqWcxfGu9kjwC,21,527.52
xmUwv4ktqWcxfGu9kjwC,22,405.03
xmUwv4ktqWcxfGu9kjwC,23,1935.12
yzEyOooxIdiVzKFPNnMM,0,47.74
yzEyOooxIdiVzKFPNnMM,1,8.6
yzEyOooxIdiVzKFPNnMM,2,10.37
yzEyOooxIdiVzKFPNnMM,3,9.29
yzEyOooxIdiVzKFPNnMM,4,7.95
yzEyOooxIdiVzKFPNnMM,5,12.92
yzEyOooxIdiVzKFPNnMM,6,183.83
yzEyOooxIdiVzKFPNnMM,7,936.22
yzEyOooxIdiVzKFPNnMM,8,438.12
yzEyOooxIdiVzKFPNnMM,9,442.95
yzEyOooxIdiVzKFPNnMM,10,604.48
yzEyOooxIdiVzKFPNnMM,11,816.46
yzEyOooxIdiVzKFPNnMM,12,1066.31
yzEyOooxIdiVzKFPNnMM,13,929.12
yzEyOooxIdiVzKFPNnMM,14,913.62
yzEyOooxIdiVzKFPNnMM,15,935.03
yzEyOooxIdiVzKFPNnMM,16,1345.82
yzEyOooxIdiVzKFPNnMM,17,1353.97
yzEyOooxIdiVzKFPNnMM,18,1326.03
yzEyOooxIdiVzKFPNnMM,19,660.72
yzEyOooxIdiVzKFPNnMM,20,285.95
yzEyOooxIdiVzKFPNnMM,21,343.46
yzEyOooxIdiVzKFPNnMM,22,280.95
yzEyOooxIdiVzKFPNnMM,23,126.03
